Name,Age_final,Month_BirthDay,Quarter_REA,Half_REA,Cadet_Win,Cadet_Success,Cadet_Part,Junior_Win,Junior_Success,Junior_Part,Senior_Win_CC,Senior_Success_CC,Senior_Part_CC,Senior_Win_WC,Senior_Success_WC,Senior_Part_WC,target_rank,target_group,target_medalist
"Abdelmottaleb, Diaaeldin Kamal Gouda",24,5,2,0,0,0,0,0,0,0,1,1,1,0,0,1,16.0,2.0,1
"Abdurakhmanov, Bekzod",27,3,1,0,0,0,0,0,0,0,2,2,2,0,1,2,5.0,1.0,1
"Aguigui, Ethan Mikquin Tomapa",24,3,1,0,0,0,0,1,2,2,1,4,4,0,0,0,27.0,2.0,1
"Ailixiati, Airiken",24,9,3,1,0,0,0,0,0,0,0,0,0,0,0,0,28.0,2.0,1
"Akaguma, Naoya",26,6,2,0,0,0,0,0,0,0,0,0,0,0,0,0,16.0,2.0,1
"Akgul, Taha",27,11,4,1,0,0,0,0,1,2,4,4,5,2,3,3,2.0,0.0,0
"Alborov, Aslanbek",26,4,2,0,0,1,1,1,4,5,0,0,0,0,0,0,3.0,0.0,0
"Alekma, Saifedine",23,10,4,1,0,0,0,0,0,0,0,0,0,0,0,0,25.0,2.0,1
"Aliev, Haji",26,4,2,0,0,1,1,0,1,1,1,3,5,2,2,3,1.0,0.0,0
"Amas, Daniel",27,4,2,0,0,0,0,0,0,0,3,4,4,0,0,1,23.0,2.0,1
"Ambrocio Greifo, Pool Edison",27,12,4,1,1,3,3,2,4,4,0,3,8,0,0,2,30.0,2.0,1
"Amiraslanov, Makhir",20,5,2,0,0,3,4,1,2,2,0,0,1,0,0,1,18.0,2.0,1
"Ansari, Chakir",26,6,2,0,0,0,1,0,0,5,0,1,2,0,0,1,25.0,2.0,1
"Ashirov, Meizhan",25,1,1,0,0,0,0,0,3,3,0,0,1,0,0,0,17.0,2.0,1
"Asselstine, Michael",28,10,4,1,0,0,0,0,0,0,0,1,2,0,0,1,23.0,2.0,1
"Atli, Suleyman",23,7,3,1,0,0,1,2,2,3,0,0,1,0,0,0,15.0,2.0,1
"Atrinagharchi, Reza Ahmadali",23,8,3,1,0,0,0,0,1,2,0,0,0,0,0,0,13.0,2.0,1
"Auccapina Pedragas, Sixto Miguel",22,4,2,0,0,0,0,0,0,0,0,0,2,0,0,0,26.0,2.0,1
"Balfour, Jevon",23,12,4,1,0,0,0,0,1,2,0,1,2,0,0,1,24.0,2.0,1
"Baran, Robert",25,7,3,1,0,1,1,0,1,4,0,1,3,0,0,0,15.0,2.0,1
"Baranowski, Zbigniew Mateusz",26,7,3,1,0,0,1,0,1,4,0,0,1,0,0,1,9.0,1.0,1
"Baro, Fatjon",30,4,2,0,0,0,1,0,0,2,0,0,3,0,0,1,12.0,2.0,1
"Barseghyan, Garik",31,9,3,1,0,0,0,0,0,0,0,1,3,0,0,2,11.0,2.0,1
"Berianidze, Levan",27,10,4,1,0,0,0,0,2,2,0,0,1,1,2,3,3.0,0.0,0
"Bileichuk, Ivan",22,6,2,0,0,0,0,0,0,2,0,0,0,0,0,0,10.0,1.0,1
"Binembaoum, Kyrillos",23,9,3,1,0,0,3,0,0,2,0,0,0,0,1,1,27.0,2.0,1
"Bingham, Lowe",23,2,1,0,0,0,0,0,0,0,1,4,4,0,0,2,27.0,2.0,1
"Bolotnyuk, Nikolai",28,3,1,0,0,1,1,0,0,1,0,0,5,0,0,3,9.0,1.0,1
"Bonne Rodriguez, Yowlys",34,11,4,1,0,0,0,2,2,3,3,5,5,0,1,2,3.0,0.0,0
"Burroughs, Jordan Ernest",29,7,3,1,0,0,0,0,0,1,4,4,4,3,4,4,1.0,0.0,0
"Buruian, Anatolii",26,4,2,0,0,1,2,1,4,6,0,0,1,0,0,1,19.0,2.0,1
"Cakici, Osman-Kubilay",25,12,4,1,0,0,1,0,0,0,0,0,0,0,0,1,17.0,2.0,1
"Ceban, Nicolae",31,3,1,0,0,0,0,0,2,2,0,2,9,0,0,7,7.0,1.0,1
"Chamizo Marquez, Frank",25,7,3,1,0,0,0,0,0,1,2,3,3,1,2,3,1.0,0.0,0
"Cox, J'den Michael Tbory",22,3,1,0,0,0,0,0,0,0,0,0,0,0,0,0,3.0,0.0,0
"Dauletbekov, Azamat",23,3,1,0,0,2,2,0,2,2,0,0,1,0,0,0,19.0,2.0,1
"Davidovi, Givi",28,3,1,0,0,0,1,0,0,1,0,0,0,0,0,0,10.0,1.0,1
"Deepak, Deepak",25,4,2,0,0,1,3,0,0,0,0,0,1,0,0,1,23.0,2.0,1
"Demirtas, Soener",26,6,2,0,0,0,1,0,2,2,1,3,5,0,0,3,3.0,0.0,0
"Dhankhar, Amit Kumar",28,3,1,0,0,1,1,0,0,1,0,0,0,0,0,2,19.0,2.0,1
"Dimitrov, Svetoslav Zhivkov",25,6,2,0,0,0,1,0,0,0,0,0,0,0,0,0,23.0,2.0,1
"Dorjvaanchig, Gombodorj",32,12,4,1,0,1,1,0,1,1,0,2,8,0,0,2,14.0,2.0,1
"Dubov, Vladimir Vladimirov",29,2,1,0,0,0,1,0,1,2,0,1,5,0,2,4,5.0,1.0,1
"Dudarov, Ahmed Ruslanovich",25,7,3,1,0,0,0,0,1,3,0,0,0,0,0,0,27.0,2.0,1
"Dukov, Andrei",30,12,4,1,0,0,0,0,0,0,0,1,7,0,0,5,16.0,2.0,1
"Dzhalilov, Gamid",27,11,4,1,0,0,0,0,0,0,0,0,0,0,0,3,26.0,2.0,1
"Egorov, Vladimir",22,6,2,0,0,0,0,0,0,0,0,0,0,0,0,0,21.0,2.0,1
"Ehsanpoor, Behnam Eshagh",25,2,1,0,0,2,2,1,1,3,0,2,2,0,0,2,14.0,2.0,1
"El Ouarraqe, Zoheir",26,5,2,0,0,0,2,0,0,5,0,1,4,0,0,3,26.0,2.0,1
"Erbotsonashvili, Zurabi",25,12,4,1,0,0,0,0,0,0,0,0,0,0,0,0,5.0,1.0,1
"Erdenebat, Bekhbayar",25,8,3,1,0,1,1,1,1,2,1,1,2,0,1,3,3.0,0.0,0
"Erdogan, Cengizhan",30,6,2,0,0,0,0,2,2,2,3,3,3,0,0,0,5.0,1.0,1
"Espinal Fajardo, Jaime Yusept",33,10,4,1,0,0,0,0,0,0,0,4,6,0,0,7,13.0,2.0,1
"Evans, Connor James",24,2,1,0,0,0,1,0,0,0,1,2,2,0,0,1,18.0,2.0,1
"Filipczak, Mateusz",24,8,3,1,0,0,1,0,0,3,0,0,0,0,0,0,14.0,2.0,1
"Fiquet, Maxime Eric",26,6,2,0,0,0,0,0,0,4,0,0,3,0,0,0,16.0,2.0,1
"Fitzpatrick, Toby",30,4,2,0,0,0,0,1,3,4,1,2,2,0,0,0,22.0,2.0,1
"Francois, Maxime",29,9,3,1,0,0,0,0,0,0,0,0,0,0,0,0,22.0,2.0,1
"Frangulyyan, Volodya",25,10,4,1,0,1,1,0,2,5,0,0,2,0,0,3,18.0,2.0,1
"Friev Naskideava, Taimuraz",31,9,3,1,0,0,0,0,1,1,0,0,3,0,0,3,11.0,2.0,1
"Fujinami, Yuhi",21,5,2,0,0,1,2,0,3,3,0,0,0,0,0,0,3.0,0.0,0
"Gadzhiev, Magomedmurad",29,2,1,0,0,0,0,1,1,1,1,3,3,0,0,1,2.0,0.0,0
"Gagloev, Soslan Mairbekovich",31,6,2,0,0,0,0,1,1,1,0,0,2,0,0,2,13.0,2.0,1
"Ganev, Michail Petrov",32,1,1,0,0,0,1,1,1,3,0,2,5,1,1,6,5.0,1.0,1
"Ganzorig, Mandakhnaran",31,5,2,0,0,0,0,0,0,0,1,4,4,0,2,5,11.0,2.0,1
"Garcia Sanchez, Tommy Jesus",21,12,4,1,0,0,0,0,0,0,0,0,0,0,0,0,22.0,2.0,1
"Garcia Veranes, Haislan",34,3,1,0,0,0,0,0,0,0,0,5,5,0,0,6,15.0,2.0,1
"Gogaev, Alan",27,3,1,0,0,0,0,1,1,1,1,1,1,0,1,1,3.0,0.0,0
"Gomez Matos, Franklin",31,8,3,1,0,0,0,0,0,0,2,3,3,0,1,5,8.0,1.0,1
"Gor, Yakup",29,11,4,1,0,0,0,0,0,0,0,3,5,0,2,4,5.0,1.0,1
"Green, James Malcolm",25,12,4,1,0,0,0,0,0,0,0,1,1,0,1,2,2.0,0.0,0
"Gui, Jianglin",26,10,4,1,0,0,0,0,0,0,0,0,0,0,0,0,27.0,2.0,1
"Guidea, Ivan",29,5,2,0,0,2,2,0,0,3,0,1,3,0,0,4,8.0,1.0,1
"Gulyas, Zsombor Istvan",25,11,4,1,0,0,1,0,0,6,0,0,3,0,0,3,18.0,2.0,1
"Gwiazdowski, Nicholas Edward",25,12,4,1,0,0,0,0,0,0,0,0,0,0,0,0,3.0,0.0,0
"Habat, David",26,10,4,1,0,0,0,0,0,0,0,0,1,0,0,1,27.0,2.0,1
"Hairi, Hairi",21,6,2,0,0,0,0,0,0,0,0,0,0,0,0,0,25.0,2.0,1
Harphool,25,3,1,0,1,1,1,0,0,0,0,0,0,0,0,0,16.0,2.0,1
"Hasanov, Yabrail",27,2,1,0,1,2,2,1,5,6,2,6,6,0,2,5,5.0,1.0,1
"Heino, Jere Tapani",22,3,1,0,0,0,1,0,1,5,0,0,2,0,0,0,21.0,2.0,1
"Heino, Ville Tapani",26,8,3,1,0,0,1,0,0,6,0,0,3,0,0,1,12.0,2.0,1
"Holub, Yuriy",34,2,1,0,0,1,1,0,2,3,0,0,2,0,0,0,24.0,2.0,1
"Hosseinkhani, Moustafa Mohabali",28,3,1,0,1,1,1,2,2,3,2,2,5,0,1,2,8.0,1.0,1
"Hushtyn, Aleksandr",24,8,3,1,0,0,0,1,2,6,0,0,2,0,0,1,17.0,2.0,1
"Iakobishvili, Zurabi",25,2,1,0,0,1,2,0,0,0,0,0,1,0,0,0,1.0,0.0,0
"Ianulov, Piotr",31,2,1,0,0,0,2,0,0,1,0,1,8,0,0,5,10.0,1.0,1
"Ibragimov, Magomed Idrisovich",32,6,2,0,0,0,0,0,0,0,0,0,0,0,0,0,12.0,2.0,1
"Ibragimov, Mamed",25,6,2,0,0,1,1,0,1,1,0,1,1,0,0,0,5.0,1.0,1
"Ibrahim, Abdulrahman Ibrahim A.",36,7,3,1,0,0,0,0,0,0,0,0,4,0,0,3,30.0,2.0,1
"Ismanov, Umidyon",28,11,4,1,0,1,1,1,3,4,1,3,6,0,0,1,20.0,2.0,1
"Ivanov, Dimitar Lyubomirov",21,7,3,1,0,0,3,0,2,4,0,0,0,0,0,1,17.0,2.0,1
"Izquierdo Mendez, Carlos Arturo",20,10,4,1,1,1,1,0,1,3,0,1,2,0,0,0,24.0,2.0,1
"Jarvis, Korey",31,10,4,1,0,0,0,0,0,0,0,7,9,0,0,3,7.0,1.0,1
"Jiang, Dezhen",21,12,4,1,0,0,0,0,0,0,0,0,0,0,0,0,22.0,2.0,1
"Jong, Hak-Jin",31,12,4,1,0,0,0,0,0,0,1,2,4,0,0,1,5.0,1.0,1
"Kaasik, Ragnar",29,12,4,1,0,0,0,0,0,0,0,0,3,0,0,1,26.0,2.0,1
"Kadian, Satyawart",24,11,4,1,0,0,0,0,1,2,0,1,2,0,0,1,9.0,1.0,1
"Kadimagomedov, Magomedkhabib",23,5,2,0,0,0,0,0,0,0,0,0,0,0,0,0,7.0,1.0,1
"Kaliev, Georgi",23,10,4,1,0,0,0,1,1,3,0,1,1,0,0,2,15.0,2.0,1
"Kamoi, Masakazu",25,5,2,0,0,0,0,0,0,2,0,1,2,0,0,2,18.0,2.0,1
"Karagul Uulu, Bakhtiar",27,6,2,0,0,0,0,0,0,0,0,0,0,0,0,0,31.0,2.0,1
"Kaya, Mustafa",25,6,2,0,0,1,1,1,4,6,0,2,2,0,0,2,5.0,1.0,1
"Ketoev, Georgi",32,11,4,1,1,1,1,2,2,2,2,3,3,1,1,1,3.0,0.0,0
"Khadjiev, Zelimkhan",23,5,2,0,0,1,3,1,2,5,0,0,1,0,0,1,9.0,1.0,1
"Khinchegashvili, Vladimir",26,4,2,0,1,2,2,4,6,8,2,4,5,1,2,4,3.0,0.0,0
"Khizriev, Anzor",23,3,1,0,0,0,0,0,0,0,0,0,0,0,0,0,5.0,1.0,1
"Khullar, Akash",26,2,1,0,0,0,0,0,0,0,0,0,0,0,0,0,30.0,2.0,1
"Khutsishvili, David",27,10,4,1,0,0,0,0,0,0,0,0,0,0,0,0,17.0,2.0,1
"Kim, Gwan-Uk",27,7,3,1,0,0,0,0,0,4,0,1,3,0,0,1,11.0,2.0,1
"Kim, Han-Song",21,6,2,0,0,2,2,0,0,0,0,0,0,0,0,0,19.0,2.0,1
"Kim, Jae-Gang",30,8,3,1,0,0,0,0,0,2,1,3,5,0,0,4,8.0,1.0,1
"Kim, Kuk-Gwang",24,9,3,1,0,0,0,0,1,1,0,0,1,0,0,1,14.0,2.0,1
"Kim, Sung-Gwon",27,3,1,0,0,0,0,1,2,3,0,0,3,0,0,3,9.0,1.0,1
"Kirov, Miroslav Stefanov",26,5,2,0,0,0,2,0,1,3,0,1,3,0,0,3,13.0,2.0,1
"Kurtev, Nikolay",32,8,3,1,0,0,0,0,0,2,0,1,2,0,0,1,21.0,2.0,1
"Kvelashvili, Jumber",25,4,2,0,0,0,0,0,2,2,0,1,1,0,0,2,28.0,2.0,1
"Lachinau, Asadulla",31,4,2,0,0,0,0,0,0,0,0,0,1,0,0,2,14.0,2.0,1
"Lazarev, Aiaal",31,3,1,0,0,0,0,0,0,0,1,4,10,0,0,5,8.0,1.0,1
"Lee, Gun-Woo",24,6,2,0,0,0,0,0,0,0,0,0,0,0,0,0,20.0,2.0,1
"Lee, Seung-Chul",29,7,3,1,0,2,2,0,1,3,0,2,5,0,0,4,22.0,2.0,1
"Lee, Yun-Seok",28,12,4,1,0,1,1,0,1,2,0,2,2,0,0,4,13.0,2.0,1
"Ligeti, Daniel",28,7,3,1,0,0,1,0,1,6,0,3,9,0,0,5,19.0,2.0,1
"Liu, Minghu",19,7,3,1,0,0,0,0,0,2,0,0,0,0,0,1,25.0,2.0,1
"Lomtadze, Beka",26,11,4,1,0,0,0,0,0,0,0,1,2,0,1,3,17.0,2.0,1
"Lopez Azcuy, Livan",35,1,1,0,0,0,0,0,0,0,3,5,5,0,3,4,7.0,1.0,1
"Lukacs, Norbert",25,12,4,1,0,0,1,0,0,0,0,0,4,0,0,1,27.0,2.0,1
"Luyeye, Loma",30,1,1,0,0,0,0,0,0,0,0,0,0,0,0,0,31.0,2.0,1
"Makoev, Boris",24,1,1,0,0,0,0,0,0,0,0,0,0,0,0,0,2.0,0.0,0
"Malencov, Dmitri",31,9,3,1,0,0,0,0,0,0,0,0,1,0,0,0,20.0,2.0,1
"Matsusaka, Masao",23,7,3,1,0,0,0,0,0,1,0,0,1,0,0,0,16.0,2.0,1
"Metreveli Vartanov, Levan",33,12,4,1,0,0,0,0,0,1,0,0,3,0,0,2,27.0,2.0,1
"Mikhailov, Vasil",22,6,2,0,1,2,2,0,1,2,0,0,0,0,0,0,12.0,2.0,1
"Modzmanashvili, David",31,11,4,1,0,0,1,0,1,1,0,1,4,0,1,2,17.0,2.0,1
"Mohammadi, Amir",27,6,2,0,0,0,0,0,1,1,0,0,0,0,0,0,12.0,2.0,1
"Mohebbi, Yadollah Mohammadkazem",27,6,2,0,0,0,0,0,0,0,0,0,0,0,0,0,9.0,1.0,1
"Moise, Adrian Ionut",27,11,4,1,0,0,2,0,1,5,0,0,4,0,0,1,9.0,1.0,1
"Molnar, Jozsef",25,4,2,0,0,0,2,0,0,6,0,0,5,0,0,3,31.0,2.0,1
"Mukhtarov, Ilman",21,5,2,0,0,1,2,0,0,5,0,0,0,0,0,0,24.0,2.0,1
"Musaev, Magomed",28,3,1,0,0,0,0,0,0,0,1,5,5,0,0,2,24.0,2.0,1
"Mustafaev, Agahueseyin",28,4,2,0,0,0,0,0,2,3,0,0,1,0,0,1,9.0,1.0,1
"Nakamura, Rinya",22,3,1,0,0,1,1,0,0,1,0,0,0,0,0,0,5.0,1.0,1
"Nam, Kyong-Jin",29,8,3,1,0,1,1,0,0,1,0,3,6,0,0,1,11.0,2.0,1
"Narmandakh, Lkhamgarmaa",27,4,2,0,0,0,0,0,0,0,0,0,0,0,0,0,25.0,2.0,1
"Nasiri, Meysam Abolfazl",28,6,2,0,0,0,0,0,0,0,1,1,1,0,0,0,10.0,1.0,1
"Natsagsuren, Zolboo",27,12,4,1,0,0,0,0,0,0,0,2,3,0,0,1,5.0,1.0,1
"Nedealco, Evgheni",27,1,1,0,0,0,0,0,0,4,0,0,3,0,0,2,15.0,2.0,1
"Neyland, Liam Brice",21,10,4,1,0,0,0,2,2,4,0,2,2,0,0,0,31.0,2.0,1
"Nicolescu, Cristian Etpison",23,6,2,0,0,0,0,1,2,2,2,4,4,0,0,1,27.0,2.0,1
"Niyazbekov, Daulet",28,2,1,0,0,0,0,0,1,1,2,4,7,0,1,4,7.0,1.0,1
"Nurikau, Azamat",27,3,1,0,0,0,0,0,0,0,0,1,3,0,0,3,5.0,1.0,1
"Nurov, Magomedgadzhi Omardibirovich",24,4,2,0,0,0,0,0,0,1,0,0,1,0,0,0,10.0,1.0,1
"Odikadze, Elizbar",28,6,2,0,0,0,0,0,0,1,0,2,3,0,0,2,5.0,1.0,1
"Oganesyan, Gor",23,8,3,1,1,1,1,0,0,1,0,0,0,0,0,0,12.0,2.0,1
"Ogbonna, John Emmanuel",20,12,4,1,0,1,1,0,0,0,0,0,0,0,0,0,21.0,2.0,1
"Olejnyik, Pavlo",28,2,1,0,0,1,1,0,1,5,1,2,4,0,2,2,11.0,2.0,1
"Omarov, Gadjimurad",23,8,3,1,0,1,1,0,2,3,0,0,0,0,0,0,22.0,2.0,1
"Orgodol, Uitumen",28,4,2,0,0,0,0,0,0,0,0,2,3,0,0,3,21.0,2.0,1
"Osmonov, Alibek",21,11,4,1,0,0,0,0,0,0,0,0,0,0,0,0,30.0,2.0,1
"Ouribi, Rachid",32,7,3,1,0,0,0,0,0,0,0,0,0,0,0,0,34.0,2.0,1
"Palani, Aso",30,3,1,0,0,0,0,0,0,1,0,2,3,0,0,1,22.0,2.0,1
"Perez Sosa, Luis Miguel",29,11,4,1,0,0,0,0,0,0,0,0,3,0,0,1,20.0,2.0,1
"Perpelita, Andrei",32,4,2,0,0,0,1,0,1,4,0,2,7,0,0,7,20.0,2.0,1
"Petriashvili, Geno",23,4,2,0,1,2,2,3,5,6,1,3,3,0,2,2,1.0,0.0,0
"Popov, Marc",24,9,3,1,0,0,1,0,0,3,0,0,1,0,0,2,25.0,2.0,1
"Punia, Bajrang",23,2,1,0,2,2,2,0,1,3,0,3,4,0,0,2,13.0,2.0,1
"Rachamin, Hanoch",24,4,2,0,0,0,2,0,0,5,0,0,2,0,0,1,10.0,1.0,1
"Radchenko, David",24,2,1,0,0,0,0,0,0,1,0,0,0,0,0,1,28.0,2.0,1
"Radulov, Semyon",28,8,3,1,0,0,0,0,0,0,0,1,2,0,0,3,12.0,2.0,1
"Rama Escribano, Daniel",24,12,4,1,0,0,1,0,0,0,0,0,0,0,0,0,26.0,2.0,1
"Ramirez Beltre, Juan Rubelin",27,8,3,1,0,0,0,0,0,0,1,2,4,0,0,0,28.0,2.0,1
"Rana, Parveen",25,11,4,1,1,1,2,0,1,3,0,1,6,0,0,0,16.0,2.0,1
"Rashidov, Gadshimurad",22,10,4,1,2,2,2,0,2,2,1,1,1,0,0,0,2.0,0.0,0
"Retherford, Zain Allen",22,5,2,0,1,1,1,0,0,0,0,0,0,0,0,0,11.0,2.0,1
"Romanov, Andrei",28,2,1,0,0,0,0,0,1,5,0,0,2,0,0,2,22.0,2.0,1
"Rudesindo Camacho, Alvaro",20,2,1,0,0,1,1,0,1,2,0,0,0,0,0,0,19.0,2.0,1
"Sadulaev, Abdulrashid",21,5,2,0,2,2,2,0,0,0,2,2,2,2,2,2,2.0,0.0,0
"Safarov, Nodiryon",26,7,3,1,2,2,2,0,1,4,0,0,3,0,0,1,8.0,1.0,1
"Sagaliuk, Lyubomir",29,9,3,1,0,0,0,0,0,1,0,0,1,0,0,0,15.0,2.0,1
"Salas Perez, Reineris",30,3,1,0,0,0,0,1,3,3,5,6,6,0,3,5,15.0,2.0,1
"Sanayev, Nurislam",26,2,1,0,0,0,0,0,0,0,0,0,0,0,0,2,12.0,2.0,1
"Sava, Mihail",26,9,3,1,0,0,0,0,0,1,0,0,2,0,1,4,25.0,2.0,1
"Sejfulau, Elmedin",19,1,1,0,0,2,4,0,0,4,0,0,0,0,0,0,26.0,2.0,1
"Semisorow, Alexander",24,2,1,0,0,1,2,0,0,4,0,0,1,0,0,0,23.0,2.0,1
"Shabanbay, Daulet",34,8,3,1,0,0,0,0,0,1,0,6,6,0,0,4,14.0,2.0,1
"Shabanov, Ali",28,8,3,1,0,0,0,0,0,0,0,0,5,0,2,4,3.0,0.0,0
"Shakhbanau, Husein",23,9,3,1,1,2,2,0,0,0,0,0,0,0,0,0,24.0,2.0,1
"Siemakin, Youri",34,2,1,0,0,0,2,0,0,2,0,0,1,0,0,1,21.0,2.0,1
"Snyder, Kyle Frederick",22,11,4,1,0,0,0,1,2,2,1,1,1,1,1,1,1.0,0.0,0
"Sokalski, Andrzej Piotr",27,12,4,1,0,0,0,0,0,0,0,0,1,0,0,0,19.0,2.0,1
"Stark, Georg Gabriel",28,11,4,1,0,0,1,0,1,3,0,0,3,0,0,1,21.0,2.0,1
"Steen, Jordan David",26,6,2,0,0,0,0,0,0,0,0,0,0,0,0,0,29.0,2.0,1
"Stieber, Logan Jeffery",26,1,1,0,0,0,0,0,1,1,0,0,0,1,1,1,12.0,2.0,1
"Sumit, Sumit",24,1,1,0,0,0,0,0,0,0,0,0,1,0,0,1,20.0,2.0,1
"Tafur Barrios, Nestor Joaquin",26,9,3,1,0,0,0,0,0,0,0,0,0,0,0,0,16.0,2.0,1
"Takahashi, Steven",25,4,2,0,1,1,1,0,2,5,0,3,5,0,0,1,23.0,2.0,1
"Takahashi, Yuki",24,11,4,1,0,0,0,0,1,1,0,0,0,0,0,2,1.0,0.0,0
"Takatani, Sohsuke",28,4,2,0,0,0,2,0,0,2,0,0,0,0,1,3,8.0,1.0,1
"Tanatarov, Akzhurek",31,9,3,1,0,0,1,0,0,2,0,0,2,0,0,3,3.0,0.0,0
"Temengil, Florian Skilang",31,4,2,0,0,0,0,0,0,0,10,13,13,0,0,3,22.0,2.0,1
"Tomar, Sandeep",26,4,2,0,0,0,0,0,0,0,1,1,1,0,0,0,7.0,1.0,1
"Torreblanca Queralta, Yurieski",28,3,1,0,0,0,0,0,0,0,1,2,2,0,0,0,8.0,1.0,1
"Tsabolov, Khetik",26,11,4,1,0,0,0,1,1,1,0,0,0,1,1,1,2.0,0.0,0
"Tumenbileg, Tuvshintulga",25,1,1,0,0,1,1,0,0,5,0,1,2,0,0,1,15.0,2.0,1
"Ulisaikhan, Batshul",27,6,2,0,0,0,0,0,0,0,0,0,0,0,0,0,23.0,2.0,1
"Usserbaev, Galimzhan",29,12,4,1,0,0,0,0,0,0,0,0,0,0,0,1,21.0,2.0,1
"Usupov, Saiakbai",22,11,4,1,0,0,0,0,1,3,0,1,1,0,0,0,25.0,2.0,1
"Valdes Tobier, Alejandro Enrique",29,11,4,1,0,0,0,0,0,0,3,4,4,0,0,3,3.0,0.0,0
"Valiev, Vladislav",24,4,2,0,1,1,1,2,2,2,0,0,0,0,0,0,3.0,0.0,0
"Vereb, Istvan",30,10,4,1,0,0,2,0,1,6,0,1,8,0,1,6,14.0,2.0,1
"Visalimov, Amirkhan",31,5,2,0,0,0,0,0,0,0,0,0,1,0,0,1,20.0,2.0,1
"Voitechovskis, Edgaras",31,3,1,0,0,0,2,0,0,3,0,0,4,0,0,1,18.0,2.0,1
"Wang, Shao-Wen",21,4,2,0,0,0,0,0,0,0,0,0,0,0,0,0,31.0,2.0,1
"Wickel, Lennard",26,2,1,0,0,0,0,0,0,3,0,0,1,0,0,0,17.0,2.0,1
"Wolfer, Manuel",24,4,2,0,0,1,3,0,1,3,0,0,1,0,0,1,11.0,2.0,1
"Xenidis, Timofei",25,6,2,0,0,0,0,0,1,5,0,0,5,0,0,2,18.0,2.0,1
"Yamamoto, Taiki",21,10,4,1,0,0,1,0,1,2,0,0,0,0,0,0,10.0,1.0,1
"Yarahmadi, Peyman",23,4,2,0,1,2,2,0,2,2,1,1,1,0,0,0,22.0,2.0,1
"Yasar, Selim",27,2,1,0,0,0,0,3,3,3,0,0,1,0,2,2,7.0,1.0,1
"Yatsenko, Andrey",20,9,3,1,3,6,6,0,1,3,0,1,1,0,0,0,3.0,0.0,0
"Yazdani Charati, Hassan",23,12,4,1,0,2,2,2,2,2,0,0,0,0,1,1,1.0,0.0,0
"Yildirim, Riza",30,5,2,0,1,1,1,1,5,5,0,0,1,0,0,1,19.0,2.0,1
"Yun, Jun-Sik",26,8,3,1,0,0,0,1,1,4,0,1,2,0,0,0,13.0,2.0,1
"Zasieiev, Alen",29,10,4,1,1,1,1,1,2,2,0,2,2,0,1,3,18.0,2.0,1
"Zhang, Haiming",23,6,2,0,0,0,0,0,0,0,0,0,0,0,0,0,25.0,2.0,1
"Zholdoshbekov, Ulukbek",21,2,1,0,1,2,5,1,1,4,0,1,1,0,0,0,29.0,2.0,1
"Zou, Wanhao",19,3,1,0,0,0,0,0,0,4,0,0,0,0,0,0,20.0,2.0,1
"Abakarov, Abubakr",19,1,1,0,1,2,2,1,3,4,0,0,0,0,0,0,8.0,1.0,1
"Abdurakhmanov, Bekzod",28,3,1,0,0,0,0,0,0,0,3,3,3,0,1,3,3.0,0.0,0
"Abou Nader, Domenic Michael",23,3,1,0,0,0,0,0,0,0,0,0,0,0,0,0,29.0,2.0,1
Adanabasier,23,5,2,0,0,0,0,0,0,0,0,0,0,0,0,0,17.0,2.0,1
"Aguon III, Paul San Nicholas",18,6,2,0,0,1,1,2,4,4,0,0,0,0,0,0,21.0,2.0,1
"Aibuev, Akhmed",27,2,1,0,0,0,0,0,0,0,0,0,2,0,0,0,28.0,2.0,1
"Akbarizarinkolaei, Essadollah",26,8,3,1,0,0,0,0,0,0,0,1,1,0,1,1,5.0,1.0,1
"Akgul, Taha",28,11,4,1,0,0,0,0,1,2,5,5,6,2,4,4,7.0,1.0,1
"Al Dulami, Dawoodsalman Jasim",22,11,4,1,0,0,0,0,0,0,0,0,0,0,0,0,27.0,2.0,1
"Alborov, Aslanbek",27,4,2,0,0,1,1,1,4,5,0,0,1,0,1,1,7.0,1.0,1
"Ali, Mustafa Mohamed Hamad",25,4,2,0,0,0,0,0,0,0,0,0,0,0,0,0,29.0,2.0,1
"Aliev, Haji",27,4,2,0,0,1,1,0,1,1,1,3,5,3,3,4,25.0,2.0,1
"Ambrocio Greifo, Pool Edison",28,12,4,1,1,3,3,2,4,4,0,3,9,0,0,3,27.0,2.0,1
"Aminashvili, Sandro",26,2,1,0,0,1,1,1,1,2,0,1,1,0,1,1,17.0,2.0,1
"Amirtaev, Kuat",24,4,2,0,0,0,0,0,0,0,0,0,0,0,0,0,20.0,2.0,1
"Andreev, Vladislav",31,5,2,0,0,1,1,0,0,2,0,3,7,0,1,4,14.0,2.0,1
"Andreu Ortega, Reineri",20,4,2,0,0,0,0,0,0,0,0,1,1,0,0,0,5.0,1.0,1
"Arakelian, Armen",24,5,2,0,0,0,0,0,1,1,0,0,0,0,0,1,27.0,2.0,1
"Asharin, Roman",21,1,1,0,0,0,0,0,0,0,0,0,0,0,0,0,17.0,2.0,1
"Asselstine, Michael",27,1,1,0,0,0,0,0,0,0,0,1,2,0,0,2,21.0,2.0,1
"Atli, Suleyman",24,7,3,1,0,0,1,2,2,3,0,1,2,0,0,1,3.0,0.0,0
"Atrinagharchi, Reza Ahmadali",24,8,3,1,0,0,0,0,1,2,0,1,1,0,0,1,11.0,2.0,1
"Ausserleitner, Maximilian",25,3,1,0,0,0,0,0,0,5,0,0,5,0,0,2,31.0,2.0,1
"Bakeev, Amandyk",28,8,3,1,0,0,0,0,0,0,0,0,1,0,0,0,18.0,2.0,1
"Baran, Robert",26,7,3,1,0,1,1,0,1,4,0,1,4,0,0,1,22.0,2.0,1
"Baranowski, Zbigniew Mateusz",27,7,3,1,0,0,1,0,1,4,0,0,2,0,0,2,9.0,1.0,1
"Bashir, Guma Babiker Adam",24,3,1,0,0,0,0,0,0,0,0,0,0,0,0,0,31.0,2.0,1
"Bat-Erdene, Byambadorj",28,2,1,0,0,0,1,0,0,1,0,0,0,0,0,0,5.0,1.0,1
"Batirov, Adam",33,1,1,0,2,2,2,0,2,2,1,4,6,0,0,2,2.0,0.0,0
"Bekrenev, Andrey",26,9,3,1,0,0,0,0,0,0,0,0,0,0,0,0,11.0,2.0,1
"Bileichuk, Ivan",23,6,2,0,0,0,0,0,0,2,0,0,0,0,0,1,9.0,1.0,1
"Bingham, Lowe",24,2,1,0,0,0,0,0,0,0,1,5,5,0,0,3,22.0,2.0,1
"Boeke, Serdar",32,9,3,1,0,0,1,0,0,1,0,0,2,0,0,2,14.0,2.0,1
"Bonne Rodriguez, Yowlys",35,11,4,1,0,0,0,2,2,3,3,5,5,0,2,3,1.0,0.0,0
"Boryakov, Batyr",29,2,1,0,0,0,0,0,0,0,0,0,5,0,0,2,17.0,2.0,1
"Bucur, George",32,11,4,1,0,1,1,0,1,5,0,0,9,0,0,6,5.0,1.0,1
"Bur, Johnny Just",31,2,1,0,0,0,1,0,0,1,0,0,0,0,0,1,16.0,2.0,1
"Burroughs, Jordan Ernest",30,7,3,1,0,0,0,0,0,1,4,4,4,4,5,5,3.0,0.0,0
"Capellan, Darthe",22,4,2,0,0,0,0,1,1,4,1,1,1,0,0,0,26.0,2.0,1
"Ceballos Fuentes, Pedro Francisco",28,9,3,1,1,1,1,2,2,3,0,1,5,0,0,2,12.0,2.0,1
"Ceban, Nicolae",32,3,1,0,0,0,0,0,2,2,0,2,10,0,0,8,8.0,1.0,1
"Chamizo Marquez, Frank",26,7,3,1,0,0,0,0,0,1,3,4,4,2,3,4,5.0,1.0,1
"Colon, Joseph Daniel",27,1,1,0,0,0,0,0,0,0,0,0,0,0,0,0,3.0,0.0,0
"Conyedo Ruano, Abraham de Jesus",25,10,4,1,0,0,0,0,1,1,0,1,1,0,0,0,3.0,0.0,0
"Cox, J'den Michael Tbory",23,3,1,0,0,0,0,0,0,0,0,0,0,0,1,1,1.0,0.0,0
"Cumba Mbali, Mbunde",27,4,2,0,0,0,0,0,0,0,0,1,1,0,0,0,24.0,2.0,1
"Dake, Kyle Douglas",27,2,1,0,0,0,0,0,0,1,0,0,0,0,0,0,1.0,0.0,0
"Davidovi, Givi",29,3,1,0,0,0,1,0,0,1,0,0,1,0,0,1,9.0,1.0,1
"Davlumbaev, Adilet",30,2,1,0,0,0,0,0,0,0,0,0,0,0,0,1,22.0,2.0,1
"Deepak, Deepak 2",32,9,3,1,0,1,2,0,0,0,0,0,0,0,0,0,16.0,2.0,1
"Demirtas, Soener",27,6,2,0,0,0,1,0,2,2,2,4,6,0,1,4,5.0,1.0,1
"Deng, Zhiwei",29,1,1,0,0,0,0,0,1,1,0,2,3,0,0,4,2.0,0.0,0
"Dhesi, Amarveer",23,9,3,1,0,1,1,2,2,2,0,0,0,0,0,0,17.0,2.0,1
"Diatta, Adama",30,8,3,1,0,0,0,0,0,0,7,9,9,0,0,4,12.0,2.0,1
"Diaz Robertti, Jose Daniel",29,2,1,0,0,0,0,0,0,1,1,5,7,0,0,3,11.0,2.0,1
"Dogdurbek Uulu, Elaman",25,11,4,1,0,0,0,0,0,1,0,2,4,0,1,3,9.0,1.0,1
"Dubov, Vladimir Vladimirov",30,2,1,0,0,0,1,0,1,2,0,1,5,0,2,5,13.0,2.0,1
"Dudaev, Rustam",28,1,1,0,0,0,0,0,0,0,0,0,1,0,0,1,19.0,2.0,1
"Dudarov, Ahmed Ruslanovich",26,7,3,1,0,0,0,0,1,3,0,0,0,0,0,1,24.0,2.0,1
"Dukov, Andrei",31,12,4,1,0,0,0,0,0,0,0,2,8,0,0,6,21.0,2.0,1
"Dzhafaryan, Mraz",24,3,1,0,0,1,1,0,1,2,0,0,0,0,0,0,13.0,2.0,1
"Dzhalilov, Gamid",28,11,4,1,0,0,0,0,0,0,0,0,0,0,0,4,26.0,2.0,1
"Edisherashvili, Giorgi",30,3,1,0,1,1,1,0,0,2,2,2,2,0,0,1,7.0,1.0,1
"Efendiev, Zaur",28,11,4,1,0,0,0,0,0,0,0,0,4,0,0,3,25.0,2.0,1
"Egorov, Vladimir",23,6,2,0,0,0,0,0,0,0,0,0,1,0,0,1,23.0,2.0,1
"Emamichoughuei, Younes Aliakbar",21,3,1,0,0,2,2,0,2,2,0,0,0,0,0,0,19.0,2.0,1
"Erdenebat, Bekhbayar",26,8,3,1,0,1,1,1,1,2,1,1,2,0,2,4,20.0,2.0,1
"Espinoza Vedia, Ruben",33,2,1,0,0,0,0,0,0,0,0,0,1,0,0,0,27.0,2.0,1
"Failauga, Josh",30,3,1,0,0,0,0,2,4,4,0,0,0,0,0,0,8.0,1.0,1
"Farkas, Rajmund",31,12,4,1,0,0,5,0,0,2,0,0,0,0,0,0,22.0,2.0,1
"Friev Naskideava, Taimuraz",32,9,3,1,0,0,0,0,1,1,0,0,4,0,0,4,3.0,0.0,0
"Gadzhiev, Khadzimurad",18,10,4,1,0,3,3,1,3,3,0,0,0,0,0,0,20.0,2.0,1
"Gadzhiev, Magomedmurad",30,2,1,0,0,0,0,1,1,1,1,4,4,0,1,2,15.0,2.0,1
"Gadzhimagomedov, Akhmed",28,4,2,0,0,0,0,0,0,0,0,1,1,0,0,0,3.0,0.0,0
"Ganzorig, Mandakhnaran",32,5,2,0,0,0,0,0,0,0,1,4,4,0,2,6,14.0,2.0,1
"Garcia Veranes, Haislan",35,3,1,0,0,0,0,0,0,0,0,5,5,0,0,7,15.0,2.0,1
"Gasanov, Emrach",24,3,1,0,0,0,4,0,0,6,0,0,1,0,0,1,10.0,1.0,1
"Gazimagomedov, Magomedrasul",27,4,2,0,0,0,0,0,0,0,1,1,1,1,1,1,1.0,0.0,0
"Georgiev, Mihail Iliev",22,11,4,1,0,0,1,0,0,4,0,0,0,0,0,0,22.0,2.0,1
"Gilman, Thomas Patrick",24,5,2,0,0,0,1,0,1,2,0,0,0,0,1,1,5.0,1.0,1
"Gogava, Otari",26,3,1,0,0,0,0,0,0,0,0,0,2,0,0,0,19.0,2.0,1
"Goleij, Mojtaba Mohammadshafie",22,1,1,0,0,0,0,0,0,0,0,0,0,0,0,0,24.0,2.0,1
"Gomez Matos, Franklin",32,8,3,1,0,0,0,0,0,0,2,4,4,0,1,6,11.0,2.0,1
"Gong, Byung-Min",27,7,3,1,0,0,0,0,0,0,0,0,1,0,0,1,15.0,2.0,1
"Gonzalez Crespo, Juan Pablo",26,1,1,0,0,0,0,0,0,0,0,0,1,0,0,1,30.0,2.0,1
"Grant Collazo, Yoandrys",27,10,4,1,0,0,0,0,0,0,0,0,0,0,0,0,28.0,2.0,1
"Green, James Malcolm",26,12,4,1,0,0,0,0,0,0,1,2,2,0,2,3,13.0,2.0,1
"Grigoryan, Grigor",26,7,3,1,0,0,3,0,1,4,0,2,5,0,0,4,8.0,1.0,1
"Guidea, Ivan",30,5,2,0,0,2,2,0,0,3,0,1,3,0,0,5,14.0,2.0,1
"Gulaev, Akhsarbek",21,8,3,1,0,0,0,0,1,2,0,0,0,0,0,0,18.0,2.0,1
"Gulyas, Zsombor Istvan",26,11,4,1,0,0,1,0,0,6,0,0,4,0,0,4,21.0,2.0,1
"Gwiazdowski, Nicholas Edward",26,12,4,1,0,0,0,0,0,0,0,0,0,0,1,1,3.0,0.0,0
"Habat, David",27,10,4,1,0,0,0,0,0,0,0,1,2,0,0,2,26.0,2.0,1
"Hadi Basmanj, Parviz Khodavirdi",31,11,4,1,0,0,0,0,0,0,4,4,4,0,0,1,3.0,0.0,0
"Hasanov, Yabrail",28,2,1,0,1,2,2,1,5,6,2,6,6,0,2,6,2.0,0.0,0
Hasibagena,25,12,4,1,0,0,0,0,0,1,0,0,0,0,0,0,14.0,2.0,1
"Hatos, Gabor",35,10,4,1,0,0,3,0,1,4,0,4,11,0,1,8,17.0,2.0,1
"Heino, Ville Tapani",27,8,3,1,0,0,1,0,0,6,0,0,4,0,0,2,7.0,1.0,1
"Hosseinkhani, Mostafa Mohabali",29,3,1,0,1,1,1,2,2,3,2,2,5,0,1,3,13.0,2.0,1
"Hushtyn, Aleksandr",25,8,3,1,0,0,0,1,2,6,0,1,3,0,0,2,15.0,2.0,1
"Iakobishvili, Zurabi",26,2,1,0,0,1,2,0,0,0,0,1,2,1,1,1,3.0,0.0,0
"Ianulov, Piotr",32,2,1,0,0,0,2,0,0,1,0,1,8,0,0,6,19.0,2.0,1
"Ibragimov, Magomed Idrisovich",33,6,2,0,0,0,0,0,0,0,1,1,1,0,0,1,5.0,1.0,1
"Ibragimov, Mamed",26,6,2,0,0,1,1,0,1,1,0,1,1,0,0,1,10.0,1.0,1
"Ibragimov, Parviz",23,6,2,0,0,1,2,0,0,0,0,0,0,0,0,0,10.0,1.0,1
"Inkar, Yermukambet",25,5,2,0,0,0,0,1,4,6,0,0,1,0,0,1,10.0,1.0,1
"Ivanov, Dimitar Lyubomirov",22,7,3,1,0,0,3,0,2,4,0,0,1,0,0,2,10.0,1.0,1
"Izbasarov, Bakhtiar",31,2,1,0,0,0,0,0,0,0,0,0,0,0,0,0,17.0,2.0,1
"Izquierdo Mendez, Carlos Arturo",21,10,4,1,1,1,1,0,1,3,0,1,3,0,0,1,20.0,2.0,1
"Jaburyan, Mihran",34,11,4,1,0,0,0,0,0,0,0,0,7,0,0,5,18.0,2.0,1
"Jezierzanski, Sebastian",27,7,3,1,0,0,2,0,0,2,0,0,2,0,0,0,11.0,2.0,1
Jitender,26,11,4,1,0,0,0,0,0,0,0,0,2,0,0,0,22.0,2.0,1
"Kadima, Franciso De Deus",26,6,2,0,0,0,0,0,0,0,0,0,0,0,0,0,26.0,2.0,1
"Kang, Kumsong",20,5,2,0,0,0,0,0,0,0,0,0,0,0,0,0,16.0,2.0,1
"Karimimachiani, Alireza Mohammad",24,3,1,0,2,3,3,2,2,2,2,2,2,0,1,1,3.0,0.0,0
"Kaya, Mustafa",26,6,2,0,0,1,1,1,4,6,0,2,3,0,0,3,12.0,2.0,1
"Kentchadze, Avtandil",23,12,4,1,0,0,0,0,1,2,0,0,2,0,0,1,2.0,0.0,0
"Ketoev, Georgi",33,11,4,1,1,1,1,2,2,2,2,3,4,1,2,2,17.0,2.0,1
"Khasanov, Sirodiddin",23,9,3,1,0,1,1,0,0,0,0,0,0,0,0,0,12.0,2.0,1
"Khatri, Mausam",28,12,4,1,0,0,0,0,0,2,0,1,7,0,0,2,19.0,2.0,1
"Khinchegashvili, Vladimir",27,4,2,0,1,2,2,4,6,8,3,5,6,1,3,5,11.0,2.0,1
"Khizriev, Anzor",24,3,1,0,0,0,0,0,0,0,0,0,0,0,0,1,5.0,1.0,1
"Khotsianivski, Aleksander",28,7,3,1,0,0,0,0,1,1,0,1,4,0,0,1,20.0,2.0,1
"Khutsishvili, David",28,10,4,1,0,0,0,0,0,0,0,0,0,0,0,1,5.0,1.0,1
"Kilicsallayan, Selahattin",25,10,4,1,1,1,1,2,3,4,0,0,0,0,0,0,18.0,2.0,1
"Kim, Gwan-Uk",28,7,3,1,0,0,0,0,0,4,0,1,4,0,0,2,5.0,1.0,1
"Kim, Jae-Gang",31,8,3,1,0,0,0,0,0,2,1,3,5,0,0,5,14.0,2.0,1
"Kim, Jin-Cheol",29,8,3,1,0,0,1,0,0,3,0,1,1,0,0,0,18.0,2.0,1
"Kim, Kuk-Gwang",25,9,3,1,0,0,0,0,1,1,0,0,2,0,0,2,22.0,2.0,1
"Kim, Sung-Gwon",28,3,1,0,0,0,0,1,2,3,0,0,4,0,0,4,13.0,2.0,1
"Kirov, Miroslav Stefanov",27,5,2,0,0,0,2,0,1,3,0,1,3,0,0,4,16.0,2.0,1
"Koliev, George",24,10,4,1,0,0,0,0,0,0,0,0,0,0,0,0,23.0,2.0,1
"Koyanagi, Kazuya",27,11,4,1,1,1,2,0,0,0,0,0,0,0,0,0,7.0,1.0,1
"Kumar, Pawan",25,10,4,1,0,0,0,0,1,3,0,0,3,0,0,2,25.0,2.0,1
"Kurbanov, Rashid",31,2,1,0,1,1,1,1,1,1,3,5,6,0,1,5,15.0,2.0,1
"Kurugliev, Dauren",26,7,3,1,0,0,0,0,0,0,1,1,1,0,0,0,5.0,1.0,1
"Kusyak, Ivan",26,2,1,0,0,0,0,0,0,0,0,0,0,0,0,0,19.0,2.0,1
"Kviatkovski, Andrey",28,2,1,0,0,1,3,0,1,3,0,0,4,0,0,0,5.0,1.0,1
"Lee, Jongku",22,3,1,0,0,1,1,0,0,4,0,0,0,0,0,0,20.0,2.0,1
"Lee, Seung-Bong",26,7,3,1,0,1,2,0,0,1,0,0,0,0,0,0,25.0,2.0,1
"Lee, Seung-Chul",30,7,3,1,0,2,2,0,1,3,0,3,6,0,0,5,5.0,1.0,1
"Ligeti, Daniel",29,7,3,1,0,0,1,0,1,6,0,3,10,0,0,6,9.0,1.0,1
"Lin, Zushen",24,3,1,0,0,0,0,0,0,1,0,0,1,0,0,1,30.0,2.0,1
"Liu, Minghu",20,7,3,1,0,0,0,0,0,2,0,0,1,0,0,2,17.0,2.0,1
"Lomtadze, Beka",27,11,4,1,0,0,0,0,0,0,0,1,2,0,1,4,5.0,1.0,1
"Ludescher, Johannes",25,1,1,0,0,0,0,0,0,3,0,0,2,0,0,1,15.0,2.0,1
"Lukacs, Norbert",26,12,4,1,0,0,1,0,0,0,0,0,5,0,0,2,24.0,2.0,1
"Luvsandorj, Turtogtokh",30,3,1,0,0,0,0,0,0,0,0,0,0,0,0,0,5.0,1.0,1
"Maghsoudi, Amirhossein Azim",27,1,1,0,1,1,2,1,3,3,0,0,0,0,0,0,20.0,2.0,1
"Magomedov, Jamaladdin",29,3,1,0,0,0,0,1,3,3,0,4,7,0,2,3,13.0,2.0,1
"Mahmood, Karam Shakir Mahmood",27,10,4,1,0,0,0,0,0,0,0,0,0,0,0,0,29.0,2.0,1
"Makoev, Boris",25,1,1,0,0,0,0,0,0,0,0,0,1,0,1,1,8.0,1.0,1
"Maren Castillo, Franklin",31,3,1,0,0,0,0,0,0,0,2,3,3,0,0,1,3.0,0.0,0
"Margaryan, Valter",26,4,2,0,0,1,1,0,0,0,0,0,1,0,0,0,20.0,2.0,1
"Marsagishvili, Dato",27,3,1,0,0,1,2,2,4,6,2,4,6,0,1,4,5.0,1.0,1
"Martinez Restrepo, Santiago",26,6,2,0,0,0,0,0,0,0,0,0,0,0,0,0,25.0,2.0,1
"Matsumoto, Atsushi",30,3,1,0,1,1,1,0,0,2,0,2,5,0,0,4,3.0,0.0,0
"Matuhin, Nick",28,4,2,0,0,1,2,0,1,5,0,0,6,0,0,3,21.0,2.0,1
"Mchedlidze, Murazi",24,6,2,0,0,1,1,1,2,5,0,0,1,0,0,0,18.0,2.0,1
"Merrill, Charles Zachary",24,6,2,0,0,0,0,0,0,0,0,0,0,0,0,0,23.0,2.0,1
"Metreveli Vartanov, Levan",34,12,4,1,0,0,0,0,0,1,0,0,4,0,0,3,24.0,2.0,1
"Molnar, Jozsef",26,4,2,0,0,0,2,0,0,6,0,0,6,0,0,4,19.0,2.0,1
"Mox Arias, Cristian Jose",34,12,4,1,0,0,0,0,0,2,0,0,2,0,0,0,25.0,2.0,1
"Muriel, Catriel Pehuen",28,11,4,1,0,0,0,0,0,0,0,0,1,0,0,0,8.0,1.0,1
"Nagy, Mihaly",25,10,4,1,0,0,0,0,1,2,0,0,2,0,2,3,24.0,2.0,1
"Naim Mikyay, Salim",21,11,4,1,0,3,3,0,3,5,0,0,0,0,0,0,15.0,2.0,1
"Nam, Kyong-Jin",30,8,3,1,0,1,1,0,0,1,0,3,7,0,0,2,19.0,2.0,1
"Natsagsuren, Zolboo",28,12,4,1,0,0,0,0,0,0,0,3,4,0,0,2,12.0,2.0,1
"Navruzov, Ikhtiyor",29,7,3,1,0,2,3,0,3,4,0,4,5,0,1,6,7.0,1.0,1
"Nazhmudinov, Omarashkab",23,10,4,1,1,1,2,0,0,1,0,0,0,0,0,0,14.0,2.0,1
"Nedealco, Evgheni",28,1,1,0,0,0,0,0,0,4,0,0,4,0,0,3,23.0,2.0,1
"Niazi, Masoud",27,10,4,1,0,0,0,0,0,0,0,0,0,0,0,0,27.0,2.0,1
"Nimpagariste, Cedric",32,5,2,0,0,0,0,0,0,0,0,0,0,0,0,0,22.0,2.0,1
"Niyazbekov, Daulet",29,2,1,0,0,0,0,0,1,1,2,5,8,0,1,5,13.0,2.0,1
"Nurgaipuly, Nurgali",32,9,3,1,0,0,0,0,0,0,0,0,0,0,0,0,15.0,2.0,1
"Nurikau, Azamat",28,3,1,0,0,0,0,0,0,0,0,1,3,0,0,4,10.0,1.0,1
"Nurov, Magomedgadzhi Omardibirovich",25,4,2,0,0,0,0,0,0,1,0,0,2,0,0,1,13.0,2.0,1
"Obst, Martin",32,11,4,1,0,0,0,0,0,0,0,0,2,0,0,1,13.0,2.0,1
"Odikadze, Elizbar",29,6,2,0,0,0,0,0,0,1,0,3,4,0,0,3,3.0,0.0,0
"Oh, Man-Ho",29,7,3,1,0,0,0,0,1,2,0,1,3,0,0,0,23.0,2.0,1
"Olejnyik, Pavlo",29,2,1,0,0,1,1,0,1,5,1,2,4,0,2,3,5.0,1.0,1
"Orazgylyov, Dauletmurat",22,5,2,0,0,0,0,0,0,6,0,0,2,0,0,0,10.0,1.0,1
"Orgodol, Uitumen",29,4,2,0,0,0,0,0,0,0,0,2,3,0,0,4,11.0,2.0,1
"Otoguro, Keisuke",22,11,4,1,0,2,3,0,1,1,0,0,1,0,0,0,26.0,2.0,1
"Otoguro, Takuto",20,12,4,1,2,3,4,0,0,0,0,0,0,0,0,0,1.0,0.0,0
Pankaj,24,10,4,1,0,0,0,0,0,1,0,0,0,0,0,0,11.0,2.0,1
"Perpelita, Andrei",33,4,2,0,0,0,1,0,1,4,0,3,8,0,0,8,8.0,1.0,1
"Peter, Dominic Klaus",25,7,3,1,0,0,2,0,0,4,0,0,3,0,0,2,13.0,2.0,1
"Petriashvili, Geno",24,4,2,0,1,2,2,3,5,6,1,4,4,1,3,3,1.0,0.0,0
"Phulka, Jasmit Singh",25,10,4,1,0,1,1,0,0,2,0,0,0,0,0,0,18.0,2.0,1
"Punia, Bajrang",24,2,1,0,2,2,2,0,1,3,1,4,5,0,0,3,2.0,0.0,0
"Rachamin, Hanoch",25,4,2,0,0,0,2,0,0,5,0,0,3,0,0,2,28.0,2.0,1
"Rajabau, Hajy",23,10,4,1,0,0,0,1,1,1,0,0,0,0,0,0,16.0,2.0,1
"Rakhmonov, Abbos",20,7,3,1,1,3,7,1,2,4,0,0,0,0,0,0,21.0,2.0,1
"Ramos, Ethan Adrian",23,4,2,0,0,0,0,0,0,0,0,0,0,0,0,0,9.0,1.0,1
"Rashidov, Gadshimurad",23,10,4,1,2,2,2,0,2,2,1,1,1,0,1,1,2.0,0.0,0
"Rathi, Sachin",32,5,2,0,0,0,0,1,1,2,0,0,0,0,0,0,21.0,2.0,1
"Reichmuth, Stefan",24,9,3,1,0,0,1,0,0,4,0,0,3,0,0,1,15.0,2.0,1
"Rojas, John Geronimo Butaud",23,10,4,1,0,0,0,0,0,0,0,1,1,0,0,0,31.0,2.0,1
"Romanov, Andrei",29,2,1,0,0,0,0,0,1,5,0,0,3,0,0,3,16.0,2.0,1
"Sadulaev, Abdulrashid",22,5,2,0,2,2,2,0,0,0,2,2,2,2,3,3,1.0,0.0,0
"Safarov, Nodiryon",27,7,3,1,2,2,2,0,1,4,0,0,3,0,0,2,12.0,2.0,1
"Safaryan, Devid",29,8,3,1,1,1,1,1,3,3,1,2,4,1,1,4,8.0,1.0,1
"Saidau, Ibrahim",33,3,1,0,0,0,0,0,0,0,0,0,1,0,0,0,11.0,2.0,1
"Sakaev, Bolat",25,2,1,0,0,0,0,1,2,2,0,0,0,0,0,0,7.0,1.0,1
"Salkazanov, Tajmuraz Mairbekovic",22,4,2,0,0,0,0,0,0,0,0,0,0,0,0,0,14.0,2.0,1
"Sanayev, Nurislam",27,2,1,0,0,0,0,0,0,0,0,1,1,0,0,3,2.0,0.0,0
"Sava, Mihail",27,9,3,1,0,0,0,0,0,1,0,0,3,0,1,5,16.0,2.0,1
"Schiller, Scott Anthony Josef",28,8,3,1,0,0,0,0,1,2,0,0,0,0,0,0,16.0,2.0,1
"Shabanov, Ali",29,8,3,1,0,0,0,0,0,0,0,0,6,0,3,5,3.0,0.0,0
"Sharifov, Sharif",30,11,4,1,0,0,0,0,0,1,0,2,3,1,2,2,18.0,2.0,1
"Shirai, Shota",30,2,1,0,0,1,1,0,0,1,0,0,0,0,0,0,23.0,2.0,1
"Shuptar, Vasyl",27,1,1,0,0,0,0,0,0,3,0,2,2,0,1,3,16.0,2.0,1
"Sidakov, Zaurbek",22,3,1,0,0,0,0,0,2,2,0,0,1,0,0,0,1.0,0.0,0
"Skryabin, Nyurgun",28,5,2,0,0,0,0,0,0,0,0,0,1,0,0,0,9.0,1.0,1
"Snyder, Kyle Frederick",23,11,4,1,0,0,0,1,2,2,2,2,2,2,2,2,2.0,0.0,0
"Sokalski, Andrzej Piotr",28,12,4,1,0,0,0,0,0,0,0,0,2,0,0,1,9.0,1.0,1
"Soliev, Azizbek",22,11,4,1,0,0,0,0,0,0,0,0,0,0,0,0,12.0,2.0,1
"Steen, Jordan David",27,6,2,0,0,0,0,0,0,0,0,1,1,0,0,1,12.0,2.0,1
"Stieber, Logan Jeffery",27,1,1,0,0,0,0,0,1,1,0,1,1,1,1,2,19.0,2.0,1
"Sucu, Ayhan",31,4,2,0,0,1,1,0,4,5,0,0,1,0,0,0,12.0,2.0,1
"Suleimanov, Murad",25,10,4,1,0,0,0,0,0,0,0,0,0,0,0,0,26.0,2.0,1
"Sumit, Sumit",25,1,1,0,0,0,0,0,0,0,0,1,2,0,0,2,5.0,1.0,1
"Sun, Xiao",22,2,1,0,0,0,0,0,0,0,0,0,0,0,0,0,19.0,2.0,1
"Tafur Barrios, Nestor Joaquin",27,9,3,1,0,0,0,0,0,0,0,1,1,0,0,1,24.0,2.0,1
"Takahashi, Yuki",25,11,4,1,0,0,0,0,1,1,1,1,1,1,1,3,3.0,0.0,0
"Takatani, Sohsuke",29,4,2,0,0,0,2,0,0,2,0,0,0,0,1,4,11.0,2.0,1
"Taylor, David Morris",28,12,4,1,0,0,0,0,0,1,0,0,0,0,0,0,1.0,0.0,0
"Temengil, Florian Skilang",32,4,2,0,0,0,0,0,0,0,11,15,15,0,0,4,18.0,2.0,1
"Thiele, Erik",22,6,2,0,0,2,5,0,3,5,0,1,1,0,0,0,21.0,2.0,1
"Tomar, Sandeep",27,4,2,0,0,0,0,0,0,0,1,1,2,0,0,1,10.0,1.0,1
"Topal, Recep",26,10,4,1,0,1,1,0,0,1,0,0,0,0,0,1,15.0,2.0,1
"Torreblanca Queralta, Yurieski",29,3,1,0,0,0,0,0,0,0,2,3,3,0,0,1,10.0,1.0,1
"Tsakulov, Batyrbek",20,10,4,1,0,0,0,0,0,1,0,0,0,0,0,0,7.0,1.0,1
"Tuamoheloa, Nathaniel Tuifao",24,6,2,0,3,5,5,3,4,5,0,4,4,0,0,2,22.0,2.0,1
"Tumenbileg, Tuvshintulga",26,1,1,0,0,1,1,0,0,5,0,1,2,0,0,2,3.0,0.0,0
"Tumur-Ochir, Tulga",20,2,1,0,1,1,3,0,0,0,0,0,1,0,0,0,7.0,1.0,1
"Uguev, Zaur",23,3,1,0,2,2,2,0,0,0,0,1,1,0,0,1,1.0,0.0,0
"Ulzisaikhan, Batsul",24,8,3,1,0,0,0,0,0,0,0,0,1,0,0,0,8.0,1.0,1
"Unurbat, Purevjav",30,2,1,0,1,1,1,0,4,5,0,5,7,0,1,4,7.0,1.0,1
"Vakhobov, Abdulrasul",24,10,4,1,0,0,0,0,1,2,0,0,0,0,0,0,21.0,2.0,1
"Valdes Tobier, Alejandro Enrique",30,11,4,1,0,0,0,0,0,0,3,4,4,0,1,4,3.0,0.0,0
"Vereb, Istvan",31,10,4,1,0,0,2,0,1,6,0,2,9,0,1,7,18.0,2.0,1
"Visalimov, Amirkhan",32,5,2,0,0,0,0,0,0,0,0,0,2,0,0,2,20.0,2.0,1
"Voitechovskis, Edgaras",32,3,1,0,0,0,2,0,0,3,0,0,4,0,0,2,14.0,2.0,1
"Yakhkeshi, Mohammadbagheri Esmaeil",27,1,1,0,0,0,0,0,0,0,0,0,0,0,0,0,5.0,1.0,1
"Yamaguchi, Takeshi",29,4,2,0,0,0,1,0,0,1,0,1,2,0,0,2,9.0,1.0,1
"Yamamoto, Taiki",22,10,4,1,0,0,1,0,1,2,0,1,1,0,0,1,14.0,2.0,1
"Yang, Chaoqiang",23,2,1,0,0,0,0,0,0,1,0,0,0,0,0,0,20.0,2.0,1
"Yankouski, Ivan",31,8,3,1,0,0,1,0,0,7,0,3,9,0,0,2,2.0,0.0,0
"Yasarli, Fatih",27,3,1,0,0,1,1,0,3,4,0,0,1,0,0,0,16.0,2.0,1
"Yazdani Charati, Hassan",24,12,4,1,0,2,2,2,2,2,0,0,0,1,2,2,3.0,0.0,0
"Zholdoshbekov, Ulukbek",22,2,1,0,1,2,5,1,1,4,0,1,2,0,0,1,17.0,2.0,1
"Zhou, Pingping",24,5,2,0,0,0,0,0,0,0,0,0,0,0,0,0,23.0,2.0,1
"de Lumeau, Guy Robert",25,4,2,0,0,0,0,0,0,0,0,0,0,0,0,0,30.0,2.0,1
"Abbasov, Islam",21,3,1,0,2,3,3,4,5,5,0,0,1,0,0,0,5.0,1.0,1
"Abbrescia, Riccardo Vito",22,5,2,0,0,1,4,0,0,6,0,0,0,0,0,2,21.0,2.0,1
"Abdullaev, Muminjon",28,12,4,1,0,0,0,0,0,1,0,1,2,0,0,2,14.0,2.0,1
"Abdvali, Saeid Mourad",28,11,4,1,0,0,0,3,4,4,1,4,4,1,1,3,3.0,0.0,0
"Acosta Fernandez, Yasmani",29,7,3,1,0,0,0,1,1,2,1,2,2,0,0,0,3.0,0.0,0
"Ainagulov, Meirambek",23,2,1,0,1,3,3,0,1,2,0,1,2,0,0,0,2.0,0.0,0
"Ait Ouagram, Zied",29,12,4,1,0,0,0,1,1,2,8,9,9,0,0,3,7.0,1.0,1
"Aleksandrov Tihomirov, Daniel",26,9,3,1,0,0,0,0,0,2,0,2,3,0,0,2,5.0,1.0,1
"Aleksanyan, Artur",26,10,4,1,0,0,1,1,5,6,3,5,5,2,3,4,1.0,0.0,0
"Alexuc-Ciurariu, Alin",27,2,1,0,0,0,0,0,1,1,0,0,5,0,0,4,11.0,2.0,1
"Aliyev, Hasan",28,11,4,1,0,1,1,3,3,5,1,6,6,1,2,6,26.0,2.0,1
"Aps, Eerik",30,10,4,1,0,0,2,0,0,5,0,0,7,0,0,4,16.0,2.0,1
"Arabuli, Levan",25,3,1,0,0,0,0,0,1,1,0,0,0,0,0,1,7.0,1.0,1
"Arusaar, Ardo",29,6,2,0,0,0,1,0,1,4,0,0,5,0,0,4,11.0,2.0,1
"Asangulov, Nurgazi",27,6,2,0,0,0,0,0,0,0,0,0,1,0,0,0,9.0,1.0,1
"Aslanyan, Karen",22,7,3,1,1,3,4,1,2,4,0,0,1,0,0,0,5.0,1.0,1
"Assakalov, Rustam",33,7,3,1,0,0,0,0,0,0,3,4,4,0,1,3,5.0,1.0,1
"Atafi, Choukri",36,12,4,1,0,0,0,0,0,2,0,3,5,0,0,0,17.0,2.0,1
"Atem, Aslan",26,1,1,0,1,1,1,1,3,6,0,1,1,0,1,1,25.0,2.0,1
"Babayan, Edgar",31,8,3,1,0,0,2,0,0,1,0,1,2,0,0,1,27.0,2.0,1
"Baldauf, Felix",23,10,4,1,0,0,3,1,3,5,0,0,1,0,0,0,18.0,2.0,1
"Barreiro, Thomas Rahontsiiosta",28,9,3,1,0,0,0,0,0,0,0,0,0,0,0,0,29.0,2.0,1
"Barrios, Francisco Albano",29,6,2,0,0,0,0,0,2,3,0,1,2,0,0,1,29.0,2.0,1
"Baskoy, Fatih",23,2,1,0,0,0,1,0,1,4,0,0,0,0,0,0,31.0,2.0,1
"Batista, Johan Antonio",23,6,2,0,0,0,0,0,0,0,0,0,1,0,0,0,14.0,2.0,1
"Bayrakov, Nikolai",28,9,3,1,0,0,0,0,0,0,0,0,2,0,0,0,9.0,1.0,1
"Beishebekov, Azat",29,6,2,0,0,0,1,0,1,1,0,1,6,0,0,1,12.0,2.0,1
"Benaissa, Tarek Aziz",26,4,2,0,0,0,0,1,3,4,1,3,4,0,0,2,16.0,2.0,1
"Berg, Zakarias Kristoffer",22,7,3,1,0,1,2,0,1,4,0,0,1,0,0,0,14.0,2.0,1
"Berge, Stig Andre",34,7,3,1,0,0,2,0,0,2,0,1,13,0,1,10,25.0,2.0,1
"Bernatek, Mateusz Lucjan",23,1,1,0,0,1,2,1,2,3,0,0,1,0,0,1,2.0,0.0,0
"Bisultanov, Rajbek Alvievich",22,5,2,0,0,0,0,0,0,1,0,0,1,0,0,0,10.0,1.0,1
"Bjerrehuus, Fredrik Holmquist",27,1,1,0,0,0,2,0,0,4,0,0,2,0,0,2,23.0,2.0,1
"Bolkvadze, Shmagi",23,7,3,1,0,2,4,1,3,3,0,1,1,0,0,1,25.0,2.0,1
"Boranyan, Varsham",29,3,1,0,0,0,0,0,0,1,1,1,2,0,0,3,25.0,2.0,1
"Boudjemline, Adem",23,2,1,0,0,0,0,0,1,2,1,4,4,0,0,0,20.0,2.0,1
"Cardenas Esquen, Ricardo Diego",25,11,4,1,0,1,1,0,0,6,0,0,1,0,0,0,29.0,2.0,1
"Cataraga, Daniel",22,6,2,0,0,2,3,0,1,3,0,0,2,0,1,2,5.0,1.0,1
"Cengiz, Fatih",22,9,3,1,0,1,1,0,0,1,0,0,0,0,0,0,3.0,0.0,0
"Chakvetadze, Davit",25,10,4,1,0,1,1,0,0,1,1,1,1,0,0,1,5.0,1.0,1
"Chalyan, Karapet",24,8,3,1,0,1,1,2,3,4,0,1,2,0,0,0,8.0,1.0,1
"Chunayev, Rasul",26,1,1,0,1,1,1,1,4,4,1,2,2,1,2,2,7.0,1.0,1
"Ciobanu, Victor",25,10,4,1,0,1,2,0,2,6,0,1,5,0,0,3,11.0,2.0,1
"Cojocari, Ilie",25,7,3,1,0,0,0,0,0,0,0,0,1,0,1,2,17.0,2.0,1
"Coleman, Ellis E.",26,8,3,1,0,0,0,0,2,2,0,2,2,0,0,1,12.0,2.0,1
"Cuero Munoz, Jair Alexis",24,4,2,0,0,0,0,1,2,3,0,4,5,0,0,2,21.0,2.0,1
"Dag, Murat",23,5,2,0,0,0,0,0,0,1,0,0,0,0,0,0,14.0,2.0,1
"Datunashvili, Zurabi",26,6,2,0,0,0,2,0,2,2,1,2,4,0,0,2,5.0,1.0,1
"Daurov, Soslan",26,1,1,0,0,0,0,0,0,1,0,1,3,0,0,1,25.0,2.0,1
"Demyankov, Denys",29,6,2,0,0,0,0,0,0,3,0,0,3,0,0,3,9.0,1.0,1
"Deschiyev, Valid",21,6,2,0,0,0,0,0,0,1,0,0,0,0,0,0,30.0,2.0,1
"Diaz Ramos, Reiniel",23,1,1,0,0,0,0,0,0,0,0,1,1,0,0,0,21.0,2.0,1
"Dickov, Zarko",21,12,4,1,0,0,2,0,0,1,0,0,0,0,0,1,27.0,2.0,1
"Dietsche, Damian",24,4,2,0,0,0,2,0,0,4,0,0,2,0,0,1,25.0,2.0,1
"Dilmukhamedov, Ashkat",31,7,3,1,1,1,1,0,1,2,0,2,2,0,0,4,10.0,1.0,1
"Ding, Libin",19,1,1,0,0,0,0,0,0,1,0,0,0,0,0,0,27.0,2.0,1
"Dobrev, Nikolaj Georgiev",24,3,1,0,0,0,0,0,0,1,0,0,0,0,0,0,22.0,2.0,1
"Drmola, Leos",21,1,1,0,0,0,2,0,0,4,0,0,0,0,0,1,18.0,2.0,1
"Dzhuzupbekov, Uzur",21,4,2,0,0,0,0,1,3,4,0,1,1,0,0,0,19.0,2.0,1
"Edsberg, Manfred",26,10,4,1,0,0,0,0,0,0,0,0,0,0,0,0,20.0,2.0,1
"Eisele, Pascal",25,12,4,1,0,1,2,0,0,2,1,1,4,0,0,3,3.0,0.0,0
"Elyasi, Mohammad Morad",22,7,3,1,0,0,0,0,0,0,0,0,0,0,0,0,5.0,1.0,1
"Ersetic, Dawid Andrzej",25,4,2,0,0,0,0,0,1,3,0,0,2,0,0,3,22.0,2.0,1
"Evloev, Musa",24,3,1,0,0,0,0,3,3,4,0,0,1,0,0,1,2.0,0.0,0
"Freuler, Flavio",21,8,3,1,0,0,3,0,0,4,0,0,0,0,0,0,10.0,1.0,1
"Fumita, Kenchiro",22,12,4,1,0,2,3,0,0,1,0,0,0,0,0,0,1.0,0.0,0
"Galkinas, Paulius",21,7,3,1,0,1,4,0,0,2,0,0,0,0,0,0,23.0,2.0,1
"Geraei, Mohammadali Abdolhamid",23,5,2,0,0,0,0,0,0,0,0,1,1,0,0,0,3.0,0.0,0
"Ghaderian, Yousef",24,2,1,0,0,0,0,1,2,2,1,2,3,0,1,2,15.0,2.0,1
"Ghanem, Mahmoud Ibrahim Hamed Hassan",22,4,2,0,0,0,0,0,0,0,0,0,0,0,0,0,10.0,1.0,1
"Ghourehjili, Shahab",27,1,1,0,0,1,1,0,1,1,0,0,0,0,0,0,8.0,1.0,1
"Gregorich Hechavarria, Daniel",21,5,2,0,0,0,0,0,0,0,0,0,0,0,0,0,7.0,1.0,1
"Grishchenko, Kiril",26,7,3,1,0,0,1,0,2,4,0,0,1,0,0,1,5.0,1.0,1
"Grzybicki, Radoslaw",28,8,3,1,0,0,0,0,0,3,0,0,1,0,0,3,27.0,2.0,1
"Gu, Hak Bon",25,9,3,1,0,0,0,0,0,3,0,0,2,0,0,0,16.0,2.0,1
Gyanender,22,8,3,1,0,0,1,0,0,2,0,0,0,0,0,0,9.0,1.0,1
"Hafizov, Ildar",29,1,1,0,0,1,1,1,2,2,0,1,2,0,0,3,19.0,2.0,1
"Haight, Cheney Isaac",33,12,4,1,0,0,0,0,0,0,1,1,2,0,0,1,26.0,2.0,1
"Halmesmaeki, Tero Antero Matias",22,9,3,1,0,0,2,0,0,2,0,0,0,0,0,1,18.0,2.0,1
"Hamzatov, Javid",28,12,4,1,0,0,0,0,0,1,0,0,4,0,1,3,27.0,2.0,1
"Hancock G'Angelo, Tracy",20,7,3,1,0,0,0,0,1,2,0,0,0,0,0,0,13.0,2.0,1
Hardeep,27,12,4,1,0,0,0,0,0,0,0,1,3,0,0,2,25.0,2.0,1
"Hassan, Ahmed Ibrahim Gomaa",21,2,1,0,0,0,0,1,1,1,0,0,0,0,0,0,29.0,2.0,1
"Hassler, Oliver",29,1,1,0,0,0,1,0,1,2,0,0,3,0,1,3,24.0,2.0,1
"Hernandez Rios, Yurisandi",27,2,1,0,0,0,0,0,0,0,0,0,1,0,0,0,32.0,2.0,1
"Hou, Shuhai",21,1,1,0,0,0,0,0,0,0,0,0,0,0,0,0,26.0,2.0,1
"Hrabovik, Aleksander",29,12,4,1,0,0,1,0,0,2,0,1,3,0,0,4,28.0,2.0,1
"Hrustanovic, Amer",29,6,2,0,0,0,0,0,0,5,0,1,7,0,0,5,22.0,2.0,1
"Huklek, Ivan",21,11,4,1,0,0,0,0,1,4,0,0,0,0,0,0,28.0,2.0,1
"Hung, Ying-Hua",23,8,3,1,0,1,1,0,0,1,0,0,0,0,0,0,32.0,2.0,1
"Iskakov, Yerulan",29,6,2,0,0,0,0,0,1,2,1,3,3,0,0,2,20.0,2.0,1
"Islamov, Donior",28,12,4,1,0,0,0,0,0,5,0,1,7,0,0,4,25.0,2.0,1
"Izumi, Takeshi",28,4,2,0,0,0,0,0,0,0,0,0,1,0,0,1,11.0,2.0,1
"Janecic, Danijel",29,3,1,0,0,0,1,0,0,5,0,0,5,0,0,3,8.0,1.0,1
"Jiang, Yuan",22,6,2,0,0,0,0,0,0,0,0,0,0,0,0,0,25.0,2.0,1
"Jurkjans, Aleksandrs",22,9,3,1,0,0,3,0,0,4,0,0,1,0,0,0,25.0,2.0,1
"Kajaia, Mikheil",28,7,3,1,0,0,0,0,0,0,0,0,1,0,0,1,9.0,1.0,1
"Kao, Ming-Hung",33,7,3,1,0,0,0,0,0,0,0,0,3,0,0,0,34.0,2.0,1
"Karlsen, Petter",24,8,3,1,0,0,0,0,0,5,0,0,2,0,0,1,20.0,2.0,1
"Kayaalp, Riza",28,10,4,1,2,2,2,3,6,7,6,7,8,2,6,6,1.0,0.0,0
"Kazharski, Maksim",31,1,1,0,0,0,1,0,0,2,0,0,3,0,0,2,22.0,2.0,1
"Kebispayev, Almat",30,12,4,1,1,1,1,0,0,2,1,3,5,0,3,4,7.0,1.0,1
"Kessidis Bjurberg, Alexandros Michel",22,3,1,0,0,0,1,0,0,2,0,0,0,0,0,1,9.0,1.0,1
"Kessidis, Laokratis",28,10,4,1,0,0,0,0,0,4,0,0,3,0,0,1,10.0,1.0,1
"Khalil, Rabbia",32,9,3,1,0,0,0,0,0,0,0,0,2,0,0,1,32.0,2.0,1
"Khatchatryan, Vazgen",23,8,3,1,0,0,0,0,0,2,0,0,0,0,0,0,12.0,2.0,1
"Khatri, Ravinder",25,5,2,0,0,1,2,0,1,2,0,0,1,0,0,0,32.0,2.0,1
"Kilov, Kazbek",25,1,1,0,0,0,0,1,3,4,0,0,1,0,0,1,5.0,1.0,1
"Kim, Hyeon-Woo",29,11,4,1,1,1,1,0,1,1,5,5,6,1,2,4,7.0,1.0,1
"Kim, Jun-Hyung",27,8,3,1,0,0,0,0,0,1,1,2,3,0,0,0,23.0,2.0,1
"Kim, Min-Seok",24,9,3,1,0,0,1,1,2,4,0,0,1,0,0,0,26.0,2.0,1
"Kim, Seung-Hak",24,2,1,0,0,0,0,0,1,3,0,0,1,0,0,1,3.0,0.0,0
"Kinsinger, Etienne",21,9,3,1,1,1,4,0,3,4,0,0,0,0,0,0,20.0,2.0,1
"Kiss, Balazs",34,1,1,0,2,2,3,1,2,4,0,1,8,1,2,6,3.0,0.0,0
"Klimek, Dawid",22,9,3,1,1,2,2,0,0,4,0,0,0,0,0,0,12.0,2.0,1
"Knystautas, Mantas",23,5,2,0,0,1,2,0,3,5,0,0,1,0,0,0,16.0,2.0,1
"Kobliashvili, Robert",24,12,4,1,0,1,1,0,2,4,0,1,2,0,0,0,3.0,0.0,0
"Korpasi, Balint",30,3,1,0,0,1,2,0,2,4,0,2,5,1,1,4,3.0,0.0,0
"Kostadinov, Svilen Plamenov",28,7,3,1,0,0,0,0,0,3,0,0,2,0,0,1,19.0,2.0,1
"Krasznai, Mate",24,8,3,1,0,1,3,0,1,6,0,0,0,0,0,1,17.0,2.0,1
"Kuchmiy, Nikolai",25,2,1,0,0,0,0,0,0,2,0,0,1,0,0,0,5.0,1.0,1
"Kudla, Denis Maksymilian",23,12,4,1,1,2,3,1,3,5,0,1,1,0,0,0,2.0,0.0,0
"Kuliev, Radik",25,7,3,1,0,0,0,0,0,0,0,0,0,0,0,0,2.0,0.0,0
"Kuosmanen, Matti Elia",22,9,3,1,2,3,4,0,0,1,0,0,1,0,0,0,15.0,2.0,1
"Kurak, Adam",32,6,2,0,0,0,0,0,0,0,1,2,2,0,1,3,5.0,1.0,1
"Kustubaev, Azamat",25,6,2,0,0,1,1,1,1,2,0,0,0,0,0,1,10.0,1.0,1
"Kyilibaev, Zhanat",26,6,2,0,0,0,0,0,0,0,0,0,0,0,0,0,25.0,2.0,1
"Lahti, Tuomas Heikki Juhani",24,2,1,0,0,1,1,0,0,5,0,0,1,0,0,1,15.0,2.0,1
"Lam, Balint",25,5,2,0,0,0,0,1,3,6,0,0,3,0,0,2,22.0,2.0,1
"Laurinaitis, Villius",25,7,3,1,0,0,2,1,1,5,0,0,3,0,0,2,8.0,1.0,1
"Lee, Chang-Min",26,7,3,1,0,0,0,0,0,2,0,0,0,0,0,0,24.0,2.0,1
"Leon, Nikolaos",28,10,4,1,0,0,0,0,0,3,0,0,0,0,0,0,16.0,2.0,1
"Liakh, Pavel",25,7,3,1,0,0,1,0,0,0,0,0,2,0,0,1,13.0,2.0,1
"Lizatovic, Ivan",29,11,4,1,0,0,0,0,0,2,0,0,4,0,0,3,13.0,2.0,1
"Loerincz, Tamas",31,12,4,1,0,0,2,0,2,3,3,5,6,0,1,8,2.0,0.0,0
"Loerincz, Viktor",27,4,2,0,0,1,1,1,1,2,0,1,3,0,2,4,8.0,1.0,1
"Lorentz, Mathieu",22,6,2,0,0,0,0,0,0,0,0,0,0,0,0,0,27.0,2.0,1
"Maasch, Matthias",31,3,1,0,0,0,1,0,0,1,0,0,3,0,0,2,25.0,2.0,1
"Madsen, Mark Overgaard",33,9,3,1,0,1,3,1,1,3,0,1,6,0,5,9,17.0,2.0,1
"Maeta, Yuya",23,2,1,0,0,0,1,0,0,1,0,0,1,0,0,1,22.0,2.0,1
"Malkhasian, Hrachia",22,8,3,1,0,0,0,0,0,0,0,0,1,0,0,0,33.0,2.0,1
"Mammadov, Kamran",27,3,1,0,0,0,0,2,3,3,0,3,4,0,0,1,15.0,2.0,1
"Mammadov, Taleh",28,8,3,1,0,0,0,0,0,0,0,0,1,0,0,1,7.0,1.0,1
"Manukyan, Maksim",30,12,4,1,0,0,0,0,0,0,0,0,3,0,1,3,1.0,0.0,0
"Manville, Mason",20,5,2,0,4,4,5,0,0,0,0,0,0,0,0,0,16.0,2.0,1
"Mariamidze, Lasha",23,9,3,1,0,0,0,0,0,0,0,0,0,0,0,0,21.0,2.0,1
"Mariea, George-Vlad",21,9,3,1,0,1,2,0,2,5,0,0,0,0,0,1,26.0,2.0,1
"Marques Moreira, Angelo Rafael",27,7,3,1,0,0,0,0,0,2,0,0,4,0,0,1,28.0,2.0,1
"Martinez Palacios, Miguel 2",26,3,1,0,0,0,0,0,0,0,3,4,4,0,0,1,24.0,2.0,1
"Maryanyan, Stepan",26,9,3,1,2,2,2,1,1,2,1,1,1,0,0,1,3.0,0.0,0
"Masjuks, Nikita",22,8,3,1,0,0,3,0,0,3,0,0,1,0,0,0,12.0,2.0,1
"Matsumoto, Atsushi",29,3,1,0,1,1,1,0,0,2,0,1,4,0,0,3,15.0,2.0,1
"Mejia Castillo, Kevin",22,5,2,0,1,5,6,3,3,6,0,3,5,0,0,2,30.0,2.0,1
"Mejia Sambula, Jefrin Benito",25,7,3,1,0,2,2,1,3,5,0,1,8,0,0,2,34.0,2.0,1
"Metodiev, Miloslav Yuriev",25,9,3,1,0,0,0,0,0,6,0,0,1,0,0,1,13.0,2.0,1
"Michalik, Tadeusz",26,2,1,0,0,0,0,0,0,3,0,1,2,0,0,1,18.0,2.0,1
"Mohamed, Abdellatif Mohamed Ahmed",22,12,4,1,0,0,0,0,0,1,1,1,1,0,0,0,12.0,2.0,1
"Mohamed, Moustapha Hassan Abdelaal",32,8,3,1,0,0,0,0,0,0,0,0,0,0,0,0,17.0,2.0,1
"Molina Cortez, Mario Bernardo",28,2,1,0,2,2,2,0,3,5,0,3,4,0,0,1,18.0,2.0,1
"Morbitzer, Matous",24,12,4,1,0,0,1,0,0,5,0,0,1,0,0,3,32.0,2.0,1
"Mu, Jijie",20,9,3,1,0,0,0,0,1,2,0,0,0,0,0,0,24.0,2.0,1
"Munoz Jaramillo, Carlos Andres",25,8,3,1,0,0,0,0,0,0,0,5,5,0,0,1,13.0,2.0,1
"Mursaliev, Elvin",29,8,3,1,0,1,1,1,2,4,1,3,7,0,1,3,3.0,0.0,0
"Nabi, Heiki",32,6,2,0,0,0,1,0,0,2,0,1,12,2,3,8,2.0,0.0,0
"Nadareishvili, Revazi",26,7,3,1,0,0,1,1,1,1,0,0,1,0,0,0,3.0,0.0,0
"Nara, Yuta",20,3,1,0,0,0,1,0,0,2,0,0,0,0,0,0,26.0,2.0,1
"Nasibov, Parviz",19,8,3,1,0,4,4,1,4,6,0,0,0,0,0,0,29.0,2.0,1
"Navarro Sanchez, Ismael",32,8,3,1,0,0,0,0,0,4,0,0,6,0,0,5,35.0,2.0,1
"Naveen, Naveen",28,12,4,1,0,0,0,0,0,0,0,1,4,0,0,2,16.0,2.0,1
"Nemes, Mate",24,7,3,1,0,0,3,0,1,4,0,0,1,0,0,0,11.0,2.0,1
"Nemes, Viktor",24,7,3,1,0,0,2,0,0,5,0,2,4,0,0,3,1.0,0.0,0
"Neumaier, Florian",26,2,1,0,0,0,0,0,0,1,0,0,1,0,0,3,18.0,2.0,1
"Nikoghosyan, Evrik",31,1,1,0,0,0,0,0,0,0,0,0,3,0,0,0,8.0,1.0,1
"Noumonvi, Melonin",35,10,4,1,0,0,2,0,0,3,0,5,12,1,2,11,7.0,1.0,1
"Nouri, Hossein Ahmad",27,8,3,1,0,0,0,0,0,0,0,0,0,0,0,0,3.0,0.0,0
"Novak, Michal",28,9,3,1,0,0,2,0,0,4,0,0,4,0,0,3,13.0,2.0,1
"Novak, Petr",29,4,2,0,0,0,1,0,0,4,0,0,6,0,0,3,19.0,2.0,1
"Nuriev, Orkhan",22,7,3,1,0,0,0,2,4,5,0,0,2,0,0,1,14.0,2.0,1
"Omar, Houssam Saad Ali",23,4,2,0,0,0,0,0,0,0,0,0,0,0,0,0,20.0,2.0,1
"Omarov, Artur",29,8,3,1,0,0,0,0,0,0,0,0,7,0,0,5,23.0,2.0,1
"Parisi, Fabio",25,4,2,0,0,0,1,0,0,1,0,0,3,0,0,1,25.0,2.0,1
"Park, Je-Woo",22,6,2,0,0,0,1,0,1,1,0,0,0,0,0,0,32.0,2.0,1
"Petravicius, Justas",22,1,1,0,0,0,1,0,0,4,0,0,0,0,0,0,14.0,2.0,1
"Pimentel Gonzalez, Jansel Miguel",25,11,4,1,0,0,0,0,0,0,0,0,0,0,0,0,16.0,2.0,1
"Pino Hinds, Oscar",24,10,4,1,0,0,0,0,0,0,1,1,1,0,0,0,3.0,0.0,0
"Pirvan, Dorin Constantin",24,5,2,0,0,0,0,0,0,4,0,0,1,0,1,4,22.0,2.0,1
"Popp, Eduard",26,6,2,0,0,0,2,0,2,5,0,0,4,0,0,3,9.0,1.0,1
"Prevolarakis, Georgios",27,10,4,1,0,0,4,0,0,2,0,0,2,0,0,1,29.0,2.0,1
"Provisor, Benjamin Errol",27,6,2,0,0,0,0,2,2,4,0,1,1,0,0,0,21.0,2.0,1
"Puffer, Benedikt Sebastian",26,9,3,1,0,0,2,0,0,4,0,0,5,0,0,3,35.0,2.0,1
"Pyshkov, Dmitri",31,8,3,1,0,0,1,2,3,3,0,2,5,0,0,3,18.0,2.0,1
"Pyshkov, Evgeni",30,11,4,1,0,0,1,0,0,0,0,0,0,0,0,0,21.0,2.0,1
"Ramonov, Murat",27,7,3,1,1,2,2,1,3,6,0,4,7,0,0,3,16.0,2.0,1
"Ravinder 7, Ravinder",20,8,3,1,0,1,1,0,0,2,0,0,0,0,0,0,25.0,2.0,1
"Ribeiro Romanelli, Diego",26,3,1,0,0,0,0,0,0,0,0,0,2,0,0,2,33.0,2.0,1
"Rustem, Hammet",30,9,3,1,0,0,0,0,0,0,0,0,2,0,0,1,15.0,2.0,1
"Ryu, Han-Soo",29,2,1,0,0,0,0,2,4,4,2,3,3,1,2,2,1.0,0.0,0
"Saad, Ahmed Mohamed Ibrahim",28,2,1,0,0,0,0,0,0,0,2,2,2,0,0,0,31.0,2.0,1
"Sahli, Khalid",33,12,4,1,0,0,0,0,0,0,0,1,1,0,0,1,22.0,2.0,1
"Salehizadeh, Seyedmostafa",24,9,3,1,0,0,0,1,1,2,0,0,0,0,0,0,12.0,2.0,1
"Shahinyan, Artur",30,1,1,0,0,0,2,0,3,5,0,2,2,0,0,3,11.0,2.0,1
"Shariati, Sabah Saleh",28,1,1,0,0,0,0,0,0,0,0,1,3,0,0,2,16.0,2.0,1
"Shchur, Vitali",30,11,4,1,0,0,0,0,0,0,0,0,1,0,0,0,16.0,2.0,1
"Shyshman, Aleksander",28,1,1,0,0,1,1,0,2,3,0,1,2,0,0,2,17.0,2.0,1
"Sid Azara, Bachir",21,3,1,0,1,1,3,2,4,4,1,2,2,0,0,0,20.0,2.0,1
"Singh, Gurpreet",24,4,2,0,0,0,0,0,0,2,0,0,2,0,0,2,23.0,2.0,1
"Singh, Harpreet",24,2,1,0,0,0,1,0,0,2,0,1,4,0,0,3,24.0,2.0,1
"Slama, Sami",22,6,2,0,0,0,0,0,0,0,0,0,0,0,0,0,13.0,2.0,1
"Sleiva, Kristupas",21,7,3,1,0,2,5,0,1,5,0,0,0,0,0,0,21.0,2.0,1
"Smith, Patrick Harrison",27,12,4,1,0,0,0,0,0,0,1,1,1,0,0,0,15.0,2.0,1
"Smith, Robert",30,1,1,0,0,0,0,0,0,3,1,4,4,0,0,3,10.0,1.0,1
"Sonoda, Arata",23,7,3,1,0,0,0,0,0,3,0,0,1,0,0,2,22.0,2.0,1
"Soos, Tamas",23,1,1,0,0,0,4,0,0,6,0,0,1,0,0,0,25.0,2.0,1
"Staebler, Frank",28,6,2,0,0,1,2,0,2,2,1,3,5,1,2,4,1.0,0.0,0
"Stankevicius, Eividas",23,6,2,0,0,0,2,0,0,2,0,0,0,0,0,0,19.0,2.0,1
"Starcevic, Bozo",29,12,4,1,0,0,1,0,0,3,0,1,5,0,0,2,13.0,2.0,1
"Stas, Konstantin Ivanovich",25,4,2,0,0,0,0,0,0,0,0,0,3,0,0,2,14.0,2.0,1
"Sun, Longxi",20,8,3,1,0,0,0,0,0,0,0,0,0,0,0,0,23.0,2.0,1
"Surkov, Artem",24,10,4,1,0,1,1,0,1,1,1,1,1,0,1,1,3.0,0.0,0
"Szabo, Laszlo 2",26,6,2,0,0,0,1,0,0,3,0,1,2,0,1,3,11.0,2.0,1
"Takahashi, Shogo",23,10,4,1,0,0,0,0,0,1,0,0,0,0,0,0,19.0,2.0,1
"Tallroth, Zackarias",32,11,4,1,0,0,0,0,0,0,0,0,2,0,1,2,33.0,2.0,1
"Tashev, Plamen",28,3,1,0,0,0,1,0,0,1,0,0,0,0,0,0,31.0,2.0,1
"Tasmuradov, Elmurat",26,12,4,1,0,0,0,0,2,3,3,4,5,0,2,3,15.0,2.0,1
"Theodorakis, Christos",27,9,3,1,0,0,1,0,0,0,0,0,0,0,0,1,33.0,2.0,1
"Timchenko, Dimitriy",34,4,2,0,0,0,0,0,0,1,0,2,5,0,1,5,5.0,1.0,1
"Torba, Erik",21,2,1,0,0,2,5,0,2,6,0,0,0,0,0,0,10.0,1.0,1
"Torres Nunes, Cristobal Alonso",26,10,4,1,1,1,2,0,0,0,0,1,4,0,0,1,30.0,2.0,1
"Tsulukidze, Mindia",27,4,2,0,0,0,0,0,0,1,0,0,2,0,0,1,6.0,1.0,1
"Tsymbaliyuk, Dmitriy",26,12,4,1,0,0,0,0,1,4,0,1,1,0,0,2,5.0,1.0,1
"Tudezca, Leo",24,12,4,1,0,0,0,0,0,0,0,0,0,0,0,0,18.0,2.0,1
"Tugolbaev, Kairatbek",25,9,3,1,0,0,0,0,0,0,0,0,0,0,0,2,11.0,2.0,1
"Tukhtaev, Firuz",25,2,1,0,1,1,1,0,2,4,0,0,1,0,0,0,28.0,2.0,1
"Vardanyan, Aram",22,11,4,1,0,1,1,0,1,2,0,1,1,0,0,0,25.0,2.0,1
"Varga, Oldrich",24,12,4,1,0,0,3,0,0,5,0,0,0,0,0,0,14.0,2.0,1
"Vasilev, Radoslav",24,3,1,0,0,0,1,0,1,3,0,0,1,0,0,0,25.0,2.0,1
"Vlasov, Roman",27,10,4,1,2,2,2,1,1,1,2,3,3,2,3,4,20.0,2.0,1
"Wagner, Michael",25,8,3,1,0,0,2,0,0,4,0,0,4,0,0,4,8.0,1.0,1
"Wanke, Grzegorz",25,7,3,1,0,1,2,0,0,2,0,0,1,0,0,1,29.0,2.0,1
"Yabiku, Shohei",22,1,1,0,0,0,2,0,1,3,0,0,0,0,0,0,15.0,2.0,1
"Yerezhepov, Maksat",27,4,2,0,1,1,1,1,1,2,0,3,4,0,0,0,17.0,2.0,1
"Yogesh, Yogesh",23,3,1,0,0,0,1,0,0,1,0,0,0,0,0,0,28.0,2.0,1
"Yueksel, Atakan",32,8,3,1,0,0,1,1,1,1,0,0,4,0,0,2,3.0,0.0,0
"Yun, Won-Chol",28,7,3,1,0,0,0,0,0,0,0,3,6,1,2,3,22.0,2.0,1
"Zhadrayev, Demeu",28,11,4,1,0,0,0,0,0,0,0,1,1,0,0,2,2.0,0.0,0
"Zhang, Gang",20,3,1,0,0,0,0,0,0,0,0,0,0,0,0,0,9.0,1.0,1
"Zhang, Linglong",18,1,1,0,1,1,1,0,0,0,0,0,0,0,0,0,33.0,2.0,1
"Zhao, Guohao",22,8,3,1,0,0,0,0,0,0,0,0,0,0,0,0,16.0,2.0,1
"Zholchubekov, Kanybek",28,10,4,1,0,1,1,2,3,3,1,6,7,0,0,1,5.0,1.0,1
"de Leon, Luis Alfredo",22,2,1,0,0,0,0,0,0,0,0,0,0,0,0,0,37.0,2.0,1
"Abbasov, Islam",22,3,1,0,2,3,3,4,5,5,0,0,1,0,0,1,5.0,1.0,1
"Abdvali, Saeid Mourad",29,11,4,1,0,0,0,3,4,4,1,4,4,1,2,4,5.0,1.0,1
"Acosta Fernandez, Yasmani",30,7,3,1,0,0,0,1,1,2,1,3,3,0,1,1,8.0,1.0,1
"Ait Ouagram, Zied",30,12,4,1,0,0,0,1,1,2,9,10,10,0,0,4,10.0,1.0,1
"Al -Tameemi, Abbas Shaalan Abdulhakim",36,12,4,1,0,0,0,0,0,0,0,0,0,0,0,0,32.0,2.0,1
"Al Salihi, Taha Yaseen Dhahir",30,8,3,1,0,0,0,0,0,0,0,0,2,0,0,0,18.0,2.0,1
"Aleksandrov Tihomirov, Daniel",27,9,3,1,0,0,0,0,0,2,0,2,4,0,0,3,17.0,2.0,1
"Aleksanyan, Artur",27,10,4,1,0,0,1,1,5,6,3,6,6,3,4,5,5.0,1.0,1
"Alexuc-Ciurariu, Alin",28,2,1,0,0,0,0,0,1,1,0,0,6,0,0,5,11.0,2.0,1
"Aliyari Feyzabadi, Mahdi Abbas",29,3,1,0,0,0,0,0,0,0,3,3,3,0,0,2,3.0,0.0,0
"Alqade, Mostafa Sultan Rayeq",36,9,3,1,0,0,0,0,0,1,0,0,0,0,0,0,17.0,2.0,1
"Amatov, Urmatbek",25,5,2,0,0,0,0,0,1,3,0,0,0,0,0,0,12.0,2.0,1
"Andrasi, Jozsef",23,10,4,1,0,0,2,0,0,5,0,0,0,0,0,0,21.0,2.0,1
"Angelov, Ivo Serafimov",34,10,4,1,0,0,2,0,0,2,1,6,7,1,2,6,21.0,2.0,1
"Antoniuk, Andrii",24,9,3,1,0,0,1,0,1,3,0,0,0,0,0,0,19.0,2.0,1
"Aps, Eerik",31,10,4,1,0,0,2,0,0,5,0,0,8,0,0,5,13.0,2.0,1
"Aslanyan, Karen",23,7,3,1,1,3,4,1,2,4,0,0,2,0,0,1,24.0,2.0,1
"Assakalov, Rustam",34,7,3,1,0,0,0,0,0,0,3,5,5,0,1,4,10.0,1.0,1
"Atafi, Choukri",37,12,4,1,0,0,0,0,0,2,0,3,6,0,0,1,20.0,2.0,1
"Avendano Rojas, Luis Eduardo",26,11,4,1,0,1,1,1,1,1,0,2,6,0,0,2,9.0,1.0,1
"Azisbekov, Atabek",23,11,4,1,1,2,2,0,0,1,0,1,1,0,0,2,5.0,1.0,1
"Azizli, Eldaniz",26,4,2,0,3,3,3,4,5,5,0,1,1,0,0,0,1.0,0.0,0
"Babayan, Edgar",32,8,3,1,0,0,2,0,0,1,0,1,3,0,0,2,25.0,2.0,1
"Bakhromov, Ilkhom",21,1,1,0,2,2,3,1,3,4,0,0,0,0,0,0,9.0,1.0,1
"Baldauf, Felix",24,10,4,1,0,0,3,1,3,5,1,1,2,0,0,1,14.0,2.0,1
"Barreiro, Philip Raweriio",29,9,3,1,0,0,0,0,0,0,0,0,0,0,0,0,34.0,2.0,1
"Barreiro, Thomas Rahontsiiosta",29,9,3,1,0,0,0,0,0,0,0,0,1,0,0,1,34.0,2.0,1
"Basar, Metehan",27,2,1,0,0,1,1,0,2,3,0,2,3,1,1,3,1.0,0.0,0
"Belenyuk, Zhan",27,1,1,0,0,2,2,1,3,4,2,4,5,1,2,2,2.0,0.0,0
"Benaissa, Tarek Aziz",27,4,2,0,0,0,0,1,3,4,1,4,5,0,0,3,5.0,1.0,1
"Berg, Zakarias Kristoffer",23,7,3,1,0,1,2,0,1,4,0,0,1,0,0,1,20.0,2.0,1
"Berge, Stig Andre",35,7,3,1,0,0,2,0,0,2,0,1,13,0,1,11,18.0,2.0,1
"Besleaga, Igor",27,8,3,1,0,0,1,0,0,5,0,0,5,0,0,4,10.0,1.0,1
"Bey, Kamal Ameer",20,1,1,0,0,0,0,1,1,3,0,0,1,0,0,0,7.0,1.0,1
"Bilici, Rahman",29,10,4,1,1,1,1,3,5,5,0,0,3,0,0,0,3.0,0.0,0
"Bisultanov, Rajbek Alvievich",23,5,2,0,0,0,0,0,0,1,0,0,2,0,0,1,20.0,2.0,1
"Bjerrehuus, Fredrik Holmquist",28,1,1,0,0,0,2,0,0,4,0,0,3,0,0,3,7.0,1.0,1
"Bolkvadze, Shmagi",24,7,3,1,0,2,4,1,3,3,0,1,1,0,0,2,14.0,2.0,1
"Borrero Molina, Ismael",26,1,1,0,0,0,0,0,0,0,3,3,4,1,1,3,16.0,2.0,1
"Boualem, Aziz",30,7,3,1,0,0,0,0,0,0,0,6,7,0,0,3,28.0,2.0,1
"Boudjemline, Adem",24,2,1,0,0,0,0,0,1,2,1,5,5,0,0,1,8.0,1.0,1
"Burduja, Viorel",31,11,4,1,0,0,0,0,0,0,0,0,0,0,0,0,23.0,2.0,1
"Cao, Liguo",20,10,4,1,0,0,0,0,1,2,0,0,0,0,0,0,5.0,1.0,1
"Castro Fernandez, Yerko Fidel",29,2,1,0,0,0,0,0,0,0,0,0,0,0,0,0,32.0,2.0,1
"Cengiz, Fatih",23,9,3,1,0,1,1,0,0,1,0,0,0,0,1,1,11.0,2.0,1
"Chalyan, Karapet",25,8,3,1,0,1,1,2,3,4,0,1,3,0,0,1,28.0,2.0,1
"Chekhirkin, Aleksander",32,3,1,0,0,0,0,0,1,1,1,1,1,0,0,0,1.0,0.0,0
"Chen, Yanan",22,12,4,1,0,0,0,0,0,0,0,0,0,0,0,0,31.0,2.0,1
"Chernetski, Aleksander",34,2,1,0,0,0,1,0,1,2,0,2,8,0,1,7,9.0,1.0,1
"Chkhartishvili, Dato",22,9,3,1,0,0,1,1,2,2,0,0,0,0,0,0,24.0,2.0,1
"Cho, Hyo-Chul",32,9,3,1,0,0,0,0,1,2,0,2,4,0,0,1,25.0,2.0,1
"Chugoshvili, Iosif",32,6,2,0,0,0,0,0,0,0,0,3,9,0,0,6,18.0,2.0,1
"Chunayev, Rasul",27,1,1,0,1,1,1,1,4,4,1,2,2,1,2,3,3.0,0.0,0
"Ciobanu, Victor",26,10,4,1,0,1,2,0,2,6,0,1,5,0,0,4,2.0,0.0,0
"Coleman, Ellis E.",27,8,3,1,0,0,0,0,2,2,0,2,2,0,0,2,11.0,2.0,1
"Coon, Adam Jacob",24,11,4,1,1,1,2,0,2,2,0,0,0,0,0,0,2.0,0.0,0
"Cousin Otomura, Lesyan Osvaldo",27,4,2,0,0,0,0,0,0,0,0,0,0,0,0,0,19.0,2.0,1
"Cuero Munoz, Jair Alexis",25,4,2,0,0,0,0,1,2,3,0,4,6,0,0,3,22.0,2.0,1
"Dadak, Ondrej",20,9,3,1,0,0,4,0,0,6,0,0,0,0,0,0,11.0,2.0,1
"Dag, Murat",24,5,2,0,0,0,0,0,0,1,0,0,1,0,0,1,14.0,2.0,1
"Daurov, Soslan",27,1,1,0,0,0,0,0,0,1,0,2,4,0,0,2,21.0,2.0,1
"David, Stepan",24,11,4,1,0,0,0,0,0,2,0,0,0,0,0,0,17.0,2.0,1
"Demirci, Suleiman",32,9,3,1,0,0,1,0,1,1,0,0,0,0,0,0,26.0,2.0,1
"Demyankov, Denys",30,6,2,0,0,0,0,0,0,3,0,0,3,0,0,4,15.0,2.0,1
"Diaz Maldonado, German Manuel",26,4,2,0,0,2,2,0,1,1,0,0,5,0,0,0,25.0,2.0,1
"Dimitrov, Yoan Danielov",22,1,1,0,0,0,0,0,0,2,0,0,0,0,0,0,21.0,2.0,1
"Dobrev, Nikolaj Georgiev",25,3,1,0,0,0,0,0,0,1,0,0,0,0,0,1,26.0,2.0,1
"Dzamashvili, Tornike",26,6,2,0,0,0,0,0,1,1,0,0,0,0,0,0,15.0,2.0,1
"Eid, Sultan Ali Mohd Damen",25,4,2,0,0,0,0,0,0,0,0,0,0,0,0,0,35.0,2.0,1
"Eisele, Pascal",26,12,4,1,0,1,2,0,0,2,1,1,5,0,1,4,27.0,2.0,1
"Endo, Katsuaki",21,2,1,0,0,0,0,0,0,1,0,0,0,0,0,0,15.0,2.0,1
"Fajari, Fouad",29,4,2,0,0,0,0,0,2,2,0,3,7,0,0,2,20.0,2.0,1
"Fergat, Abdelkarim",24,3,1,0,0,0,0,1,1,2,0,0,0,0,0,0,13.0,2.0,1
"Fis Batista, Ariel",24,4,2,0,0,0,0,0,0,0,0,0,0,0,0,0,24.0,2.0,1
"Fris, Kristijan",34,4,2,0,0,0,2,1,2,3,1,2,11,0,1,7,5.0,1.0,1
"Galkinas, Paulius",22,7,3,1,0,1,4,0,0,2,0,0,0,0,0,1,16.0,2.0,1
"Galstyan, Slavik",22,12,4,1,0,2,2,0,1,3,0,0,0,0,0,0,8.0,1.0,1
"Garipov, Marat",34,9,3,1,0,1,1,0,1,1,0,1,1,0,0,0,20.0,2.0,1
"Gastl, Daniel",25,6,2,0,0,0,2,0,1,6,0,0,5,0,0,3,24.0,2.0,1
"Geraei, Mohammad Reza Abdolhami",22,7,3,1,0,0,0,0,1,2,0,0,0,0,0,0,8.0,1.0,1
"Geraei, Mohammadali Abdolhamid",24,5,2,0,0,0,0,0,0,0,0,1,1,0,1,1,9.0,1.0,1
"Gharibyan, Gevorg",24,12,4,1,0,2,3,2,2,6,0,0,1,0,0,0,12.0,2.0,1
"Ghilmanou, Khalis Salah",26,3,1,0,0,0,2,0,0,3,0,0,0,0,0,0,18.0,2.0,1
"Ghourehjili, Shahab",28,1,1,0,0,1,1,0,1,1,0,0,0,0,0,1,16.0,2.0,1
"Gladkykh, Andrii",24,3,1,0,0,0,1,0,0,2,0,0,0,0,0,0,16.0,2.0,1
"Gobadze, Lasha",24,1,1,0,0,3,4,0,3,5,0,0,1,0,1,1,26.0,2.0,1
"Gonzalez Andrade, Andres Orlando",23,8,3,1,0,0,0,0,0,0,0,0,0,0,0,0,27.0,2.0,1
"Gregorich Hechavarria, Daniel",22,5,2,0,0,0,0,0,0,0,0,1,1,0,0,1,12.0,2.0,1
Gyanender,23,8,3,1,0,0,1,0,0,2,0,0,1,0,0,1,26.0,2.0,1
"Hajipour, Mohsen Hossein",30,8,3,1,0,0,1,0,1,2,0,1,5,0,0,1,11.0,2.0,1
"Hakhoyan, Norair",20,10,4,1,0,0,1,0,0,3,0,0,0,0,0,0,5.0,1.0,1
"Haloui, Hamza",24,7,3,1,1,1,1,2,2,3,0,4,4,0,0,0,22.0,2.0,1
"Hancock G'Angelo, Tracy",21,7,3,1,0,0,0,0,1,2,0,1,1,0,0,1,23.0,2.0,1
Hardeep,28,12,4,1,0,0,0,0,0,0,0,1,4,0,0,3,12.0,2.0,1
"Hazewinkel, Samuel",34,3,1,0,0,0,0,0,0,0,1,3,3,0,0,0,18.0,2.0,1
"Hietaniemi, Rami Antero",36,12,4,1,0,0,0,0,0,0,0,1,6,0,1,9,30.0,2.0,1
"Hrabovik, Aleksander",30,12,4,1,0,0,1,0,0,2,0,2,4,0,0,5,28.0,2.0,1
"Hrustanovic, Amer",30,6,2,0,0,0,0,0,0,5,0,1,7,0,0,6,23.0,2.0,1
"Hung, Ying-Hua",24,8,3,1,0,1,1,0,0,1,0,0,1,0,0,1,12.0,2.0,1
"Huseynov, Rafik",30,5,2,0,0,2,3,1,4,5,1,2,5,0,0,6,13.0,2.0,1
"Inoue, Tomohiro",31,7,3,1,0,1,2,0,0,2,0,1,2,0,0,0,12.0,2.0,1
"Islamov, Donior",29,12,4,1,0,0,0,0,0,5,0,1,8,0,0,5,9.0,1.0,1
"Ismailov, Amantur",21,12,4,1,0,0,1,0,0,0,0,0,0,0,0,0,25.0,2.0,1
"Janecic, Danijel",30,3,1,0,0,0,1,0,0,5,0,0,6,0,0,4,5.0,1.0,1
"Jimenez Terry, Reinier",28,9,3,1,0,0,0,0,0,0,0,0,0,0,0,0,14.0,2.0,1
"Jung, Youngrok",26,4,2,0,0,0,0,0,0,0,0,0,0,0,0,0,23.0,2.0,1
"Jurkjans, Aleksandrs",23,9,3,1,0,0,3,0,0,4,0,0,2,0,0,1,27.0,2.0,1
"Kajaia, Mikheil",29,7,3,1,0,0,0,0,0,0,0,0,2,0,0,2,3.0,0.0,0
"Kakhelashvili, Nikoloz",23,11,4,1,0,0,1,1,2,2,0,0,0,0,0,0,27.0,2.0,1
"Kamal, Kerim Kazim",19,8,3,1,2,5,5,4,4,5,0,0,0,0,0,0,19.0,2.0,1
"Kayaalp, Riza",29,10,4,1,2,2,2,3,6,7,7,8,9,3,7,7,15.0,2.0,1
"Kazharski, Maksim",32,1,1,0,0,0,1,0,0,2,0,0,4,0,0,3,14.0,2.0,1
"Kessidis, Alexandros Michel",23,3,1,0,0,0,1,0,0,2,0,0,0,0,0,2,5.0,1.0,1
"Kessidis, Laokratis",29,10,4,1,0,0,0,0,0,4,0,0,4,0,0,2,9.0,1.0,1
"Khachatryan, Sargis",29,4,2,0,0,0,0,0,0,3,0,0,0,0,0,0,11.0,2.0,1
"Khalil, Rabbia K. A.",33,9,3,1,0,0,0,0,0,0,0,0,3,0,0,2,31.0,2.0,1
"Khasimbekov, Nurbek",30,7,3,1,0,1,1,0,0,0,0,0,1,0,0,2,20.0,2.0,1
"Khutchua, Giorgi",23,7,3,1,0,0,0,0,0,0,0,0,0,0,0,0,21.0,2.0,1
"Kilov, Kazbek",26,1,1,0,0,0,0,1,3,4,0,1,2,0,0,2,25.0,2.0,1
"Kim, Hyeon-Woo",30,11,4,1,1,1,1,0,1,1,5,5,6,1,2,5,3.0,0.0,0
"Kim, Jin-Hyeok",29,5,2,0,1,1,2,0,1,2,0,1,3,0,0,2,12.0,2.0,1
"Kim, Min-Seok",25,9,3,1,0,0,1,1,2,4,0,1,2,0,0,1,3.0,0.0,0
"Kim, Seung-Hak",25,2,1,0,0,0,0,0,1,3,0,0,1,0,1,2,28.0,2.0,1
"Kinsinger, Etienne",22,9,3,1,1,1,4,0,3,4,0,0,0,0,0,1,8.0,1.0,1
"Kiss, Balazs",35,1,1,0,2,2,3,1,2,4,0,2,9,1,3,7,5.0,1.0,1
"Knystautas, Mantas",24,5,2,0,0,1,2,0,3,5,0,0,2,0,0,1,12.0,2.0,1
"Kobliashvili, Robert",25,12,4,1,0,1,1,0,2,4,0,1,3,0,1,1,3.0,0.0,0
"Korpasi, Balint",31,3,1,0,0,1,2,0,2,4,1,3,6,1,2,5,2.0,0.0,0
"Krajewski, Rafal Andrzej",23,12,4,1,0,0,0,0,0,1,0,0,0,0,0,0,24.0,2.0,1
"Krasznai, Mate",25,8,3,1,0,1,3,0,1,6,0,0,1,0,0,2,17.0,2.0,1
"Kudla, Denis Maksymilian",24,12,4,1,1,2,3,1,3,5,0,1,1,0,1,1,11.0,2.0,1
"Kuliev, Radik",26,7,3,1,0,0,0,0,0,0,0,1,1,0,1,1,7.0,1.0,1
"Kuosmanen, Matti Elias",23,9,3,1,2,3,4,0,0,1,0,0,2,0,0,1,19.0,2.0,1
"Kus, Emrah",30,10,4,1,0,0,0,1,1,2,0,0,3,0,1,2,2.0,0.0,0
"Kustubaev, Azamat",26,6,2,0,0,1,1,1,1,2,0,0,1,0,0,2,33.0,2.0,1
"Lam, Balint",26,5,2,0,0,0,0,1,3,6,0,1,4,0,0,3,20.0,2.0,1
"Laurinaitis, Villius",26,7,3,1,0,0,2,1,1,5,0,0,4,0,0,3,18.0,2.0,1
"Liakh, Pavel",26,7,3,1,0,0,1,0,0,0,0,1,3,0,0,2,23.0,2.0,1
"Lin, Yu-Hung",24,9,3,1,0,0,0,0,0,2,0,0,1,0,0,0,27.0,2.0,1
"Lipasti, Matias Olavi Iisakki",21,1,1,0,1,1,3,0,0,4,0,0,0,0,0,0,26.0,2.0,1
"Lizatovic, Ivan",30,11,4,1,0,0,0,0,0,2,0,1,5,0,0,4,29.0,2.0,1
"Loerincz, Tamas",32,12,4,1,0,0,2,0,2,3,3,6,7,0,2,9,2.0,0.0,0
"Loerincz, Viktor",28,4,2,0,0,1,1,1,1,2,1,2,4,0,2,5,14.0,2.0,1
"Lopez Salcedo, Manuel Alejandro",32,7,3,1,0,0,0,0,0,0,0,2,5,0,0,1,18.0,2.0,1
"Lund, Pontus Johan",28,12,4,1,0,1,1,0,0,1,0,0,0,0,0,0,13.0,2.0,1
"Maeta, Yuya",24,2,1,0,0,0,1,0,0,1,0,0,2,0,0,2,14.0,2.0,1
"Mahmoud, Haithem Mahmoud Ahmed Fahmy",27,9,3,1,0,0,0,0,0,0,0,0,0,0,0,0,15.0,2.0,1
"Makhmudov, Beksultan Mukhamedovich",22,12,4,1,0,2,3,0,0,1,0,0,2,0,0,1,30.0,2.0,1
"Maksimovic, Aleksandar",30,2,1,0,0,1,3,2,3,6,0,4,11,0,0,8,11.0,2.0,1
"Malik, Kuldeep",30,7,3,1,0,1,2,0,0,3,0,0,0,0,0,0,29.0,2.0,1
"Mammadov, Kamran",28,3,1,0,0,0,0,2,3,3,0,3,4,0,0,2,10.0,1.0,1
"Mammadov, Murad",23,8,3,1,3,4,6,3,4,4,0,0,0,0,0,0,25.0,2.0,1
"Mammadov, Taleh",29,8,3,1,0,0,0,0,0,0,0,0,2,0,0,2,10.0,1.0,1
"Manish, Manish 5",24,7,3,1,0,0,0,0,0,0,0,0,0,0,0,0,19.0,2.0,1
"Manjeet, Manjeet 2",25,3,1,0,0,1,1,0,0,1,0,0,0,0,0,0,28.0,2.0,1
"Mantsigov, Abuyazid",25,7,3,1,0,1,1,1,1,2,0,1,1,0,0,0,5.0,1.0,1
"Manukyan, Maksim",31,12,4,1,0,0,0,0,0,0,0,0,4,1,2,4,3.0,0.0,0
"Mardani, Mehrdad Abdmohammad",26,6,2,0,0,1,1,1,1,1,0,0,0,0,0,1,23.0,2.0,1
"Mariamidze, Lasha",24,9,3,1,0,0,0,0,0,0,0,0,0,0,0,1,26.0,2.0,1
"Mariea, George-Vlad",22,9,3,1,0,1,2,0,2,5,0,0,1,0,0,2,19.0,2.0,1
"Marques Moreira, Angelo Rafael",28,7,3,1,0,0,0,0,0,2,0,1,5,0,0,2,17.0,2.0,1
"Martinez, Patrick Anthony",28,4,2,0,0,0,0,0,0,0,0,1,1,0,0,2,25.0,2.0,1
"Marvik, Oskar",23,11,4,1,0,0,1,0,0,1,0,0,1,0,0,0,10.0,1.0,1
"Maryanyan, Stepan",27,9,3,1,2,2,2,1,1,2,1,1,1,0,1,2,1.0,0.0,0
"Masjuks, Nikita",23,8,3,1,0,0,3,0,0,3,0,0,2,0,0,1,24.0,2.0,1
"Meng, Lingzhe",33,6,2,0,0,0,0,0,2,4,0,0,0,0,0,0,7.0,1.0,1
"Michalik, Tadeusz",27,2,1,0,0,0,0,0,0,3,0,1,3,0,0,2,16.0,2.0,1
"Mihut, Mihai Radu",23,3,1,0,0,0,1,0,1,6,0,0,1,0,0,0,16.0,2.0,1
"Milov, Kiril Milenov",21,1,1,0,1,1,1,0,0,4,0,0,0,0,0,0,2.0,0.0,0
"Mnatsakanian, Aik",23,10,4,1,0,0,0,0,0,0,0,0,0,0,0,0,3.0,0.0,0
"Mohamed, Abdellatif Mohamed Ahmed",23,12,4,1,0,0,0,0,0,1,2,2,2,0,0,1,23.0,2.0,1
"Mohamed, Hassan Hassan Ahmed",28,1,1,0,1,1,2,2,5,5,0,0,0,0,0,0,5.0,1.0,1
"Mohamed, Moustapha Hassan Abdelaal",33,8,3,1,0,0,0,0,0,0,0,0,0,0,0,1,30.0,2.0,1
"Molina Cortez, Mario Bernardo",29,2,1,0,2,2,2,0,3,5,0,3,5,0,0,2,31.0,2.0,1
"Montano Arroyo, Andres Roberto",28,4,2,0,0,0,0,2,3,3,2,3,6,0,0,3,13.0,2.0,1
"Morbitzer, Matous",25,12,4,1,0,0,1,0,0,5,0,0,1,0,0,4,19.0,2.0,1
"Munoz Jaramillo, Carlos Andres",26,8,3,1,0,0,0,0,0,0,0,6,6,0,0,2,18.0,2.0,1
"Mursaliev, Elvin",30,8,3,1,0,1,1,1,2,4,1,3,7,0,2,4,8.0,1.0,1
"Na, Junjie",23,8,3,1,0,0,0,1,1,1,0,0,2,0,0,1,11.0,2.0,1
"Nabi, Heiki",33,6,2,0,0,0,1,0,0,2,0,1,13,2,4,9,5.0,1.0,1
"Nad, Tamas",26,4,2,0,0,0,0,0,0,0,0,0,0,0,0,0,24.0,2.0,1
"Nadareishvili, Revazi",27,7,3,1,0,0,1,1,1,1,0,0,1,0,1,1,7.0,1.0,1
"Naderi Khadem, Moslem",36,9,3,1,0,0,0,0,0,0,0,0,0,0,0,0,15.0,2.0,1
"Nalgiev, Bilan",28,7,3,1,0,0,0,1,2,3,0,0,0,0,0,0,5.0,1.0,1
"Nara, Yuta",24,3,1,0,0,0,1,0,0,2,0,0,1,0,0,1,17.0,2.0,1
"Nasibov, Parviz",20,8,3,1,0,4,4,1,4,6,0,0,1,0,0,1,20.0,2.0,1
"Naveen, Naveen",29,12,4,1,0,0,0,0,0,0,0,1,5,0,0,3,19.0,2.0,1
"Nemes, Viktor",25,7,3,1,0,0,2,0,0,5,0,2,5,1,1,4,3.0,0.0,0
"Noumonvi, Melonin",36,10,4,1,0,0,2,0,0,3,0,5,12,1,2,12,10.0,1.0,1
"Nouri, Hossein Ahmad",28,8,3,1,0,0,0,0,0,0,1,1,1,0,1,1,9.0,1.0,1
"Novak, Petr",30,4,2,0,0,0,1,0,0,4,0,0,7,0,0,4,21.0,2.0,1
"Nugumanov, Aydin",28,9,3,1,0,0,0,0,0,0,0,0,0,0,0,0,19.0,2.0,1
"Nuriev, Orkhan",23,7,3,1,0,0,0,2,4,5,0,0,2,0,0,2,32.0,2.0,1
"Nylypiuk, Iwan",33,9,3,1,0,0,0,0,0,0,0,0,0,0,0,0,32.0,2.0,1
"Oehler, Peter",26,12,4,1,0,0,1,0,1,2,0,0,1,0,0,1,15.0,2.0,1
"Oeztuerk, Ekrem",21,2,1,0,0,3,4,0,0,3,0,0,0,0,0,0,3.0,0.0,0
"Olejniczak, Marcin",31,5,2,0,0,1,2,0,0,5,0,0,2,0,0,1,33.0,2.0,1
"Orta Sanchez, Luis Alberto",24,8,3,1,0,0,0,0,0,0,0,0,0,0,0,0,16.0,2.0,1
"Ota, Shinobu",25,12,4,1,0,0,0,0,1,2,0,2,2,0,0,0,9.0,1.0,1
"Ozdoev, Bekhan",25,5,2,0,1,1,1,0,1,1,0,0,1,0,0,0,5.0,1.0,1
"Pacurkowski, Roman",23,9,3,1,0,0,2,0,0,1,0,0,0,0,0,0,27.0,2.0,1
"Parisi, Fabio",25,3,1,0,0,0,1,0,0,1,0,0,4,0,0,2,27.0,2.0,1
"Park, Daekun",23,7,3,1,0,0,0,0,0,0,0,0,0,0,0,0,22.0,2.0,1
"Pataridze, Zviadi",21,3,1,0,3,4,5,6,6,6,0,0,0,0,0,0,13.0,2.0,1
"Peng, Fei",26,3,1,0,0,0,0,0,1,1,0,2,4,0,0,2,17.0,2.0,1
"Perez Mora, Luillys Jose",28,12,4,1,0,0,0,0,0,1,0,5,5,0,0,2,8.0,1.0,1
"Perkins, RaVaughn Richard Ravelle",26,8,3,1,0,0,0,0,0,0,0,0,0,0,0,0,17.0,2.0,1
"Permanov, Shermet",27,6,2,0,0,0,0,0,0,0,0,1,5,0,0,2,29.0,2.0,1
"Petravicius, Justas",23,1,1,0,0,0,1,0,0,4,0,0,0,0,0,1,11.0,2.0,1
"Petrisnin, Igor",25,12,4,1,0,0,0,0,0,0,0,0,0,0,0,0,37.0,2.0,1
"Petrov, Nedyalko",23,7,3,1,0,0,1,0,1,4,0,0,0,0,0,0,19.0,2.0,1
"Piatek, Przemyslaw",23,7,3,1,0,0,0,0,0,4,0,0,1,0,0,0,17.0,2.0,1
"Pino Hinds, Oscar",25,10,4,1,0,0,0,0,0,0,2,2,2,0,1,1,3.0,0.0,0
"Popp, Eduard",27,6,2,0,0,0,2,0,2,5,0,0,4,0,0,4,5.0,1.0,1
"Poshtam, Pejman Sultanmurad",24,1,1,0,0,0,1,0,0,0,0,0,1,0,0,0,23.0,2.0,1
"Prevolarakis, Georgios",28,10,4,1,0,0,4,0,0,2,0,0,3,0,0,2,30.0,2.0,1
"Puffer, Benedikt Sebastian",27,9,3,1,0,0,2,0,0,4,0,0,5,0,0,4,25.0,2.0,1
"Pyshkov, Dmitri",32,8,3,1,0,0,1,2,3,3,0,2,6,0,0,4,18.0,2.0,1
"Rakhmatov, Mirzobek",23,9,3,1,0,2,3,0,1,1,0,0,0,0,0,0,28.0,2.0,1
"Ri, Se-Ung",20,12,4,1,2,2,2,0,0,0,0,0,0,0,0,0,5.0,1.0,1
"Roberts, Dalton James",22,7,3,1,0,0,0,0,0,2,0,0,0,0,0,0,31.0,2.0,1
"Ryu, Hansu",30,2,1,0,0,0,0,2,4,4,2,3,3,2,3,3,26.0,2.0,1
"Sahakyan, Gevorg",28,1,1,0,0,1,2,0,1,2,0,0,0,0,0,0,3.0,0.0,0
"Sanfilippo, Ignazio",24,8,3,1,0,0,4,0,0,4,0,0,0,0,0,0,13.0,2.0,1
"Sarsenbaev, Zhanserik",27,6,2,0,0,0,0,1,3,3,0,0,1,0,0,0,10.0,1.0,1
"Sasunovski, Viktor",20,6,2,0,0,0,1,0,0,0,0,1,3,0,1,3,3.0,0.0,0
"Schwarz, Roland",22,8,3,1,0,0,2,0,0,2,0,0,0,0,0,0,7.0,1.0,1
"Shadukaev, Mansur",22,5,2,0,0,0,0,0,0,0,0,0,0,0,0,0,21.0,2.0,1
"Shadukaev, Tamerlan",22,1,1,0,1,2,2,1,3,4,0,0,0,0,0,0,21.0,2.0,1
"Shahinyan, Artur",31,1,1,0,0,0,2,0,3,5,0,2,2,0,0,4,3.0,0.0,0
"Sharafedinov, Imil",31,11,4,1,0,0,0,0,0,0,0,0,0,0,1,1,22.0,2.0,1
"Shariati, Sabah Saleh",29,1,1,0,0,0,0,0,0,0,0,1,3,0,0,3,14.0,2.0,1
"Sharma, Gaudrav",27,5,2,0,0,1,1,0,0,0,0,1,2,0,0,1,17.0,2.0,1
"Sharshenbekov, Zholaman",19,9,3,1,1,3,3,0,2,2,0,0,0,0,0,0,2.0,0.0,0
"Shermakhanbet, Meirzhan",22,6,2,0,0,0,0,0,0,0,0,0,0,0,0,0,3.0,0.0,0
"Shimoyamada, Tsuchika",22,7,3,1,0,0,0,0,0,0,0,0,1,0,0,0,9.0,1.0,1
"Singh, Gurpreet",25,4,2,0,0,0,0,0,0,2,0,0,3,0,0,3,34.0,2.0,1
"Singh, Harpreet",25,2,1,0,0,0,1,0,0,2,0,2,5,0,0,4,15.0,2.0,1
"Soini, Daniel Mattias",23,11,4,1,0,0,0,0,0,2,0,0,0,0,0,0,16.0,2.0,1
"Son, Hee-Dong",21,8,3,1,0,1,2,0,1,4,0,0,0,0,0,0,12.0,2.0,1
"Sonoda, Arata",24,7,3,1,0,0,0,0,0,3,0,0,2,0,0,3,22.0,2.0,1
"Soos, Tamas",24,1,1,0,0,0,4,0,0,6,0,0,2,0,0,1,21.0,2.0,1
"Speiller, Geordan Aaron",25,3,1,0,0,0,0,0,0,2,1,1,2,0,0,0,24.0,2.0,1
"Staebler, Frank",29,6,2,0,0,1,2,0,2,2,1,3,5,2,3,5,1.0,0.0,0
"Stankevicius, Eividas",24,6,2,0,0,0,2,0,0,2,0,0,0,0,0,1,22.0,2.0,1
"Starcevic, Bozo",30,12,4,1,0,0,1,0,0,3,0,1,6,0,0,3,12.0,2.0,1
"Stas, Konstantin Ivanovich",26,4,2,0,0,0,0,0,0,0,0,0,3,0,0,3,21.0,2.0,1
"Stefanek, Davor",33,9,3,1,0,0,1,1,4,5,0,5,11,1,2,9,2.0,0.0,0
"Sulaimanov, Kaly",22,2,1,0,0,0,1,1,1,2,0,0,1,0,0,0,7.0,1.0,1
"Sultangali, Aidos",22,2,1,0,1,2,3,1,1,2,0,0,0,0,0,0,3.0,0.0,0
"Sumi, Masato",24,3,1,0,0,0,1,0,0,1,0,0,2,0,0,1,24.0,2.0,1
"Surkov, Artem",25,10,4,1,0,1,1,0,1,1,2,2,2,0,2,2,1.0,0.0,0
"Sylla, Mamadassa",25,6,2,0,0,0,0,0,0,0,0,0,0,0,0,0,5.0,1.0,1
"Syzdykov, Alimkhan",24,6,2,0,0,0,0,0,1,3,0,0,0,0,0,0,29.0,2.0,1
"Tanokura, Shota",28,8,3,1,0,0,0,0,1,1,0,2,3,0,0,2,8.0,1.0,1
"Tasmuradov, Elmurat",27,12,4,1,0,0,0,0,2,3,3,4,6,0,2,4,2.0,0.0,0
"Tazaev, Saidulla",20,7,3,1,0,1,2,1,2,5,0,0,1,0,0,0,22.0,2.0,1
"Temirov, Lenur",28,1,1,0,0,1,2,0,2,4,0,0,2,0,0,1,3.0,0.0,0
"Thielke, Jesse David",26,6,2,0,1,1,1,0,1,4,0,0,0,0,0,1,14.0,2.0,1
"Tian, Qiye",27,4,2,0,0,0,0,0,0,0,0,1,2,0,0,1,20.0,2.0,1
"Topoev, Vasily",29,7,3,1,0,0,0,0,1,1,0,0,0,0,0,0,7.0,1.0,1
"Torba, Erik",22,2,1,0,0,2,5,0,2,6,0,0,1,0,0,1,18.0,2.0,1
"Tracz, Michal Jacek",26,1,1,0,0,0,2,0,0,2,0,0,1,0,0,1,13.0,2.0,1
"Trifonov, Aleksander",24,12,4,1,0,0,0,0,1,2,0,0,0,0,0,0,14.0,2.0,1
"Tskeridis, Dimitrios",24,11,4,1,0,0,1,0,0,1,0,0,0,0,0,1,15.0,2.0,1
"Tsurtsumia, Nugzari",21,3,1,0,0,1,2,1,5,6,0,0,0,0,0,0,3.0,0.0,0
"Tsymbaliyuk, Dmitriy",27,12,4,1,0,0,0,0,1,4,0,1,1,0,0,3,22.0,2.0,1
"Tugolbaev, Kairatbek",26,9,3,1,0,0,0,0,0,0,0,0,0,0,0,3,9.0,1.0,1
"Tukhtaev, Firuz",26,2,1,0,1,1,1,0,2,4,0,0,2,0,0,1,10.0,1.0,1
"Tuo, Erbatu",25,5,2,0,0,0,0,0,0,0,0,0,0,0,0,0,5.0,1.0,1
"Vancza, Krisztian Istvan",19,4,2,0,0,1,6,0,2,6,0,0,0,0,0,0,7.0,1.0,1
"Vardanyan, Aram",23,11,4,1,0,1,1,0,1,2,0,1,1,0,0,1,15.0,2.0,1
"Varga, Oldrich",25,12,4,1,0,0,3,0,0,5,0,0,1,0,0,1,36.0,2.0,1
"Venckaitis, Edgaras",33,12,4,1,0,1,2,0,0,1,0,0,10,0,1,7,29.0,2.0,1
"Vichev, Nikolai Ivanov",26,4,2,0,0,1,2,0,4,7,0,0,0,0,0,0,22.0,2.0,1
"Vijay, Vijay 2",36,9,3,1,0,0,0,1,2,3,0,0,0,0,0,0,16.0,2.0,1
"Wagner, Michael",26,8,3,1,0,0,2,0,0,4,0,0,5,0,0,5,16.0,2.0,1
"Walihan, Sailike",26,10,4,1,0,0,0,0,0,0,0,0,1,0,0,0,3.0,0.0,0
"Weiss, Erik",31,6,2,0,0,0,1,0,0,0,0,0,2,0,0,1,23.0,2.0,1
"Yabiku, Shohei",23,1,1,0,0,0,2,0,1,3,0,0,0,0,0,1,13.0,2.0,1
"Yerezhepov, Maksat",28,4,2,0,1,1,1,1,1,2,1,4,5,0,0,1,8.0,1.0,1
"Yueksel, Atakan",33,8,3,1,0,0,1,1,1,1,0,0,5,0,1,3,33.0,2.0,1
"Zhadrayev, Demeu",29,11,4,1,0,0,0,0,0,0,0,1,1,0,1,3,13.0,2.0,1
"Zhang, Hujun",20,4,2,0,0,0,0,0,0,0,0,0,1,0,0,0,8.0,1.0,1
"Zhang, Ridong",24,2,1,0,0,0,0,0,1,2,0,2,2,0,0,3,33.0,2.0,1
"Zhernovetski, Roman",36,12,4,1,0,0,0,0,0,0,0,0,0,0,0,0,31.0,2.0,1
"de Brito Ramos Junior, Joilson",20,4,2,0,0,0,0,2,3,5,0,1,1,0,0,1,7.0,1.0,1
